timestamp,ticker,name,current_price,day_high,day_low,volume,market_cap
2026-03-12T16:50:54.276644+00:00,AAPL,Apple Inc.,255.1699981689453,255.22000122070312,254.92999267578125,53011,3759141289984
2026-03-10T12:51:00-04:00,AAPL,Apple Inc.,261.0700988769531,261.0899963378906,260.8699951171875,0,3759141289984
2026-03-10T12:52:00-04:00,AAPL,Apple Inc.,261.29998779296875,261.30999755859375,261.07000732421875,39900,3759141289984
2026-03-10T12:53:00-04:00,AAPL,Apple Inc.,261.2699890136719,261.29998779296875,261.17999267578125,25722,3759141289984
2026-03-10T12:54:00-04:00,AAPL,Apple Inc.,261.20001220703125,261.2699890136719,261.110107421875,36300,3759141289984
2026-03-10T12:55:00-04:00,AAPL,Apple Inc.,261.1000061035156,261.2300109863281,261.0799865722656,41259,3759141289984
2026-03-10T12:56:00-04:00,AAPL,Apple Inc.,261.1400146484375,261.1650085449219,261.07000732421875,21682,3759141289984
2026-03-10T12:57:00-04:00,AAPL,Apple Inc.,261.239990234375,261.2699890136719,261.1300048828125,27456,3759141289984
2026-03-10T12:58:00-04:00,AAPL,Apple Inc.,261.2250061035156,261.25,261.1449890136719,16445,3759141289984
2026-03-10T12:59:00-04:00,AAPL,Apple Inc.,261.1549987792969,261.2179870605469,261.1517028808594,13837,3759141289984
2026-03-10T13:00:00-04:00,AAPL,Apple Inc.,261.1499938964844,261.25,261.1099853515625,30700,3759141289984
2026-03-10T13:01:00-04:00,AAPL,Apple Inc.,261.42498779296875,261.42999267578125,261.1600036621094,29181,3759141289984
2026-03-10T13:02:00-04:00,AAPL,Apple Inc.,261.375,261.4549865722656,261.3301086425781,45050,3759141289984
2026-03-10T13:03:00-04:00,AAPL,Apple Inc.,261.33990478515625,261.44000244140625,261.2799987792969,56521,3759141289984
2026-03-10T13:04:00-04:00,AAPL,Apple Inc.,261.2850036621094,261.3299865722656,261.2200927734375,28077,3759141289984
2026-03-10T13:05:00-04:00,AAPL,Apple Inc.,261.4800109863281,261.5199890136719,261.2550048828125,36669,3759141289984
2026-03-10T13:06:00-04:00,AAPL,Apple Inc.,261.4849853515625,261.510009765625,261.3999938964844,27601,3759141289984
2026-03-10T13:07:00-04:00,AAPL,Apple Inc.,261.4320068359375,261.489990234375,261.3900146484375,23643,3759141289984
2026-03-10T13:08:00-04:00,AAPL,Apple Inc.,261.4010009765625,261.42999267578125,261.3500061035156,28810,3759141289984
2026-03-10T13:09:00-04:00,AAPL,Apple Inc.,261.55999755859375,261.57501220703125,261.3599853515625,40623,3759141289984
2026-03-10T13:10:00-04:00,AAPL,Apple Inc.,261.9599914550781,261.9599914550781,261.5350036621094,64587,3759141289984
2026-03-10T13:11:00-04:00,AAPL,Apple Inc.,261.8399963378906,261.9490051269531,261.82000732421875,37766,3759141289984
2026-03-10T13:12:00-04:00,AAPL,Apple Inc.,261.7650146484375,261.9100036621094,261.7300109863281,50690,3759141289984
2026-03-10T13:13:00-04:00,AAPL,Apple Inc.,261.864990234375,261.8800048828125,261.7200012207031,35878,3759141289984
2026-03-10T13:14:00-04:00,AAPL,Apple Inc.,261.8599853515625,261.8949890136719,261.7950134277344,40839,3759141289984
2026-03-10T13:15:00-04:00,AAPL,Apple Inc.,262.08221435546875,262.1000061035156,261.8299865722656,110169,3759141289984
2026-03-10T13:16:00-04:00,AAPL,Apple Inc.,262.43499755859375,262.4800109863281,262.0799865722656,61125,3759141289984
2026-03-10T13:17:00-04:00,AAPL,Apple Inc.,262.17498779296875,262.43499755859375,262.17498779296875,84532,3759141289984
2026-03-10T13:18:00-04:00,AAPL,Apple Inc.,262.0899963378906,262.19000244140625,262.05999755859375,57475,3759141289984
2026-03-10T13:19:00-04:00,AAPL,Apple Inc.,262.1199951171875,262.1300048828125,262.06500244140625,37054,3759141289984
2026-03-10T13:20:00-04:00,AAPL,Apple Inc.,261.82000732421875,262.0791931152344,261.8100891113281,43699,3759141289984
2026-03-10T13:21:00-04:00,AAPL,Apple Inc.,261.80999755859375,261.8800048828125,261.7749938964844,43899,3759141289984
2026-03-10T13:22:00-04:00,AAPL,Apple Inc.,261.8500061035156,261.8500061035156,261.8500061035156,82010,3759141289984
2026-03-10T13:23:00-04:00,AAPL,Apple Inc.,262.05999755859375,262.1400146484375,261.7900085449219,50534,3759141289984
2026-03-10T13:24:00-04:00,AAPL,Apple Inc.,262.2550048828125,262.2900085449219,262.0199890136719,64297,3759141289984
2026-03-10T13:25:00-04:00,AAPL,Apple Inc.,262.2049865722656,262.2900085449219,262.1300048828125,38734,3759141289984
2026-03-10T13:26:00-04:00,AAPL,Apple Inc.,262.20001220703125,262.29998779296875,262.1600036621094,52722,3759141289984
2026-03-10T13:27:00-04:00,AAPL,Apple Inc.,262.2200012207031,262.25,262.07000732421875,42232,3759141289984
2026-03-10T13:28:00-04:00,AAPL,Apple Inc.,262.2749938964844,262.29998779296875,262.1512145996094,32487,3759141289984
2026-03-10T13:29:00-04:00,AAPL,Apple Inc.,262.20001220703125,262.2900085449219,262.1499938964844,32949,3759141289984
2026-03-10T13:30:00-04:00,AAPL,Apple Inc.,261.9800109863281,262.2099914550781,261.9599914550781,38940,3759141289984
2026-03-10T13:31:00-04:00,AAPL,Apple Inc.,261.889892578125,262.05999755859375,261.8106994628906,48902,3759141289984
2026-03-10T13:32:00-04:00,AAPL,Apple Inc.,261.9100036621094,261.9198913574219,261.79998779296875,38238,3759141289984
2026-03-10T13:33:00-04:00,AAPL,Apple Inc.,261.8599853515625,262.05499267578125,261.80999755859375,94481,3759141289984
2026-03-10T13:34:00-04:00,AAPL,Apple Inc.,261.69000244140625,261.9200134277344,261.6499938964844,83509,3759141289984
2026-03-10T13:35:00-04:00,AAPL,Apple Inc.,261.614990234375,261.7699890136719,261.5899963378906,60018,3759141289984
2026-03-10T13:36:00-04:00,AAPL,Apple Inc.,261.5799865722656,261.75,261.5799865722656,37238,3759141289984
2026-03-10T13:37:00-04:00,AAPL,Apple Inc.,261.4100036621094,261.55999755859375,261.3507080078125,61222,3759141289984
2026-03-10T13:38:00-04:00,AAPL,Apple Inc.,261.3819885253906,261.5101013183594,261.2799987792969,51343,3759141289984
2026-03-10T13:39:00-04:00,AAPL,Apple Inc.,261.54998779296875,261.59991455078125,261.3699951171875,47716,3759141289984
2026-03-10T13:40:00-04:00,AAPL,Apple Inc.,261.57000732421875,261.6000061035156,261.4700012207031,43378,3759141289984
2026-03-10T13:41:00-04:00,AAPL,Apple Inc.,262.1050109863281,262.1400146484375,261.6000061035156,49301,3759141289984
2026-03-10T13:42:00-04:00,AAPL,Apple Inc.,262.0799865722656,262.20001220703125,262.0400085449219,54731,3759141289984
2026-03-10T13:43:00-04:00,AAPL,Apple Inc.,262.0899963378906,262.1300048828125,262.05999755859375,24116,3759141289984
2026-03-10T13:44:00-04:00,AAPL,Apple Inc.,261.9100036621094,262.1400146484375,261.8299865722656,36389,3759141289984
2026-03-10T13:45:00-04:00,AAPL,Apple Inc.,261.9200134277344,262.0299987792969,261.9200134277344,32880,3759141289984
2026-03-10T13:46:00-04:00,AAPL,Apple Inc.,261.92498779296875,261.9700012207031,261.80999755859375,66528,3759141289984
2026-03-10T13:47:00-04:00,AAPL,Apple Inc.,262.0050048828125,262.0600891113281,261.8900146484375,31209,3759141289984
2026-03-10T13:48:00-04:00,AAPL,Apple Inc.,262.1099853515625,262.1400146484375,261.9800109863281,43999,3759141289984
2026-03-10T13:49:00-04:00,AAPL,Apple Inc.,261.9700012207031,262.1600036621094,261.9700012207031,41522,3759141289984
2026-03-10T13:50:00-04:00,AAPL,Apple Inc.,261.9599914550781,262.1000061035156,261.95001220703125,33617,3759141289984
2026-03-10T13:51:00-04:00,AAPL,Apple Inc.,262.2250061035156,262.239990234375,261.9700012207031,34338,3759141289984
2026-03-10T13:52:00-04:00,AAPL,Apple Inc.,262.2900085449219,262.3099060058594,262.1449890136719,37402,3759141289984
2026-03-10T13:53:00-04:00,AAPL,Apple Inc.,262.2699890136719,262.2749938964844,262.17999267578125,27205,3759141289984
2026-03-10T13:54:00-04:00,AAPL,Apple Inc.,262.3399963378906,262.3500061035156,262.2601013183594,28243,3759141289984
2026-03-10T13:55:00-04:00,AAPL,Apple Inc.,262.3900146484375,262.3900146484375,262.2799987792969,33159,3759141289984
2026-03-10T13:56:00-04:00,AAPL,Apple Inc.,262.2099914550781,262.4800109863281,262.20001220703125,63419,3759141289984
2026-03-10T13:57:00-04:00,AAPL,Apple Inc.,262.33099365234375,262.3349914550781,262.2049865722656,27742,3759141289984
2026-03-10T13:58:00-04:00,AAPL,Apple Inc.,262.3399963378906,262.35699462890625,262.2799987792969,28834,3759141289984
2026-03-10T13:59:00-04:00,AAPL,Apple Inc.,262.260009765625,262.3500061035156,262.25,32178,3759141289984
2026-03-10T14:00:00-04:00,AAPL,Apple Inc.,262.1700134277344,262.2799987792969,262.1300048828125,39814,3759141289984
2026-03-10T14:01:00-04:00,AAPL,Apple Inc.,262.05999755859375,262.3371887207031,262.0459899902344,42737,3759141289984
2026-03-10T14:02:00-04:00,AAPL,Apple Inc.,262.05999755859375,262.1300048828125,262.0199890136719,27812,3759141289984
2026-03-10T14:03:00-04:00,AAPL,Apple Inc.,262.2650146484375,262.3299865722656,262.05499267578125,50447,3759141289984
2026-03-10T14:04:00-04:00,AAPL,Apple Inc.,262.30499267578125,262.3731994628906,262.2149963378906,34094,3759141289984
2026-03-10T14:05:00-04:00,AAPL,Apple Inc.,262.0899963378906,262.2651062011719,262.07501220703125,26733,3759141289984
2026-03-10T14:06:00-04:00,AAPL,Apple Inc.,261.9049987792969,262.1199951171875,261.8828125,35326,3759141289984
2026-03-10T14:07:00-04:00,AAPL,Apple Inc.,262.0299987792969,262.0379943847656,261.94000244140625,17082,3759141289984
2026-03-10T14:08:00-04:00,AAPL,Apple Inc.,262.06500244140625,262.0899963378906,262.010009765625,17666,3759141289984
2026-03-10T14:09:00-04:00,AAPL,Apple Inc.,261.9100036621094,262.05999755859375,261.9100036621094,13421,3759141289984
2026-03-10T14:10:00-04:00,AAPL,Apple Inc.,261.885009765625,262.0450134277344,261.8761901855469,23430,3759141289984
2026-03-10T14:11:00-04:00,AAPL,Apple Inc.,261.92999267578125,262.0364074707031,261.8800048828125,15766,3759141289984
2026-03-10T14:12:00-04:00,AAPL,Apple Inc.,262.056396484375,262.1549987792969,261.92999267578125,32686,3759141289984
2026-03-10T14:13:00-04:00,AAPL,Apple Inc.,261.7850036621094,262.1700134277344,261.7099914550781,83557,3759141289984
2026-03-10T14:14:00-04:00,AAPL,Apple Inc.,261.0299987792969,261.7200927734375,261.0,143977,3759141289984
2026-03-10T14:15:00-04:00,AAPL,Apple Inc.,261.1199951171875,261.29998779296875,260.8999938964844,81753,3759141289984
2026-03-10T14:16:00-04:00,AAPL,Apple Inc.,260.9599914550781,261.3699951171875,260.8999938964844,78564,3759141289984
2026-03-10T14:17:00-04:00,AAPL,Apple Inc.,260.95001220703125,261.1000061035156,260.6000061035156,91425,3759141289984
2026-03-10T14:18:00-04:00,AAPL,Apple Inc.,260.7200012207031,261.20001220703125,260.7200012207031,65089,3759141289984
2026-03-10T14:19:00-04:00,AAPL,Apple Inc.,260.739990234375,260.8450012207031,260.4700012207031,53413,3759141289984
2026-03-10T14:20:00-04:00,AAPL,Apple Inc.,260.80999755859375,261.1199951171875,260.54998779296875,93983,3759141289984
2026-03-10T14:21:00-04:00,AAPL,Apple Inc.,260.7200012207031,261.010009765625,260.7099914550781,84198,3759141289984
2026-03-10T14:22:00-04:00,AAPL,Apple Inc.,261.0299987792969,261.04998779296875,260.70001220703125,104479,3759141289984
2026-03-10T14:23:00-04:00,AAPL,Apple Inc.,261.0950012207031,261.1400146484375,260.8800048828125,73170,3759141289984
2026-03-10T14:24:00-04:00,AAPL,Apple Inc.,261.19000244140625,261.4200134277344,261.0400085449219,49539,3759141289984
2026-03-10T14:25:00-04:00,AAPL,Apple Inc.,261.4100036621094,261.4599914550781,261.20001220703125,41457,3759141289984
2026-03-10T14:26:00-04:00,AAPL,Apple Inc.,261.67999267578125,261.69000244140625,261.3299865722656,64155,3759141289984
2026-03-10T14:27:00-04:00,AAPL,Apple Inc.,261.81500244140625,261.9100036621094,261.6000061035156,76603,3759141289984
2026-03-10T14:28:00-04:00,AAPL,Apple Inc.,261.79998779296875,261.9100036621094,261.6300048828125,52968,3759141289984
2026-03-10T14:29:00-04:00,AAPL,Apple Inc.,261.6700134277344,261.8900146484375,261.54998779296875,53886,3759141289984
2026-03-10T14:30:00-04:00,AAPL,Apple Inc.,261.75,261.8550109863281,261.55999755859375,56685,3759141289984
2026-03-10T14:31:00-04:00,AAPL,Apple Inc.,261.8599853515625,261.9700012207031,261.7099914550781,37128,3759141289984
2026-03-10T14:32:00-04:00,AAPL,Apple Inc.,261.9100036621094,261.93499755859375,261.79998779296875,18952,3759141289984
2026-03-10T14:33:00-04:00,AAPL,Apple Inc.,261.7300109863281,261.9599914550781,261.67999267578125,30782,3759141289984
2026-03-10T14:34:00-04:00,AAPL,Apple Inc.,261.7699890136719,261.8599853515625,261.66009521484375,32985,3759141289984
2026-03-10T14:35:00-04:00,AAPL,Apple Inc.,261.3999938964844,261.8500061035156,261.3999938964844,75264,3759141289984
2026-03-10T14:36:00-04:00,AAPL,Apple Inc.,261.7300109863281,261.79998779296875,261.260009765625,42069,3759141289984
2026-03-10T14:37:00-04:00,AAPL,Apple Inc.,261.840087890625,261.9599914550781,261.6099853515625,64452,3759141289984
2026-03-10T14:38:00-04:00,AAPL,Apple Inc.,261.5600891113281,261.94000244140625,261.5600891113281,30641,3759141289984
2026-03-10T14:39:00-04:00,AAPL,Apple Inc.,261.409912109375,261.6499938964844,261.3599853515625,20626,3759141289984
2026-03-10T14:40:00-04:00,AAPL,Apple Inc.,261.30999755859375,261.42999267578125,261.25,28366,3759141289984
2026-03-10T14:41:00-04:00,AAPL,Apple Inc.,261.32000732421875,261.3793029785156,261.18011474609375,27700,3759141289984
2026-03-10T14:42:00-04:00,AAPL,Apple Inc.,261.53460693359375,261.6199951171875,261.30999755859375,64674,3759141289984
2026-03-10T14:43:00-04:00,AAPL,Apple Inc.,261.4100036621094,261.6867980957031,261.4100036621094,26348,3759141289984
2026-03-10T14:44:00-04:00,AAPL,Apple Inc.,261.2900085449219,261.5,261.2900085449219,44647,3759141289984
2026-03-10T14:45:00-04:00,AAPL,Apple Inc.,261.1700134277344,261.42999267578125,261.1549987792969,32568,3759141289984
2026-03-10T14:46:00-04:00,AAPL,Apple Inc.,261.2099914550781,261.3743896484375,261.1700134277344,47625,3759141289984
2026-03-10T14:47:00-04:00,AAPL,Apple Inc.,261.3949890136719,261.5198974609375,261.17498779296875,55017,3759141289984
2026-03-10T14:48:00-04:00,AAPL,Apple Inc.,261.45001220703125,261.4898986816406,261.3500061035156,29057,3759141289984
2026-03-10T14:49:00-04:00,AAPL,Apple Inc.,261.3139953613281,261.4700012207031,261.29998779296875,33506,3759141289984
2026-03-10T14:50:00-04:00,AAPL,Apple Inc.,261.7049865722656,261.7200012207031,261.30499267578125,43577,3759141289984
2026-03-10T14:51:00-04:00,AAPL,Apple Inc.,261.5201110839844,261.760009765625,261.5201110839844,21170,3759141289984
2026-03-10T14:52:00-04:00,AAPL,Apple Inc.,261.510009765625,261.5799865722656,261.45001220703125,42009,3759141289984
2026-03-10T14:53:00-04:00,AAPL,Apple Inc.,261.2099914550781,261.489990234375,261.20001220703125,40353,3759141289984
2026-03-10T14:54:00-04:00,AAPL,Apple Inc.,261.30999755859375,261.3900146484375,261.1549987792969,20257,3759141289984
2026-03-10T14:55:00-04:00,AAPL,Apple Inc.,261.3706970214844,261.4656066894531,261.2900085449219,34603,3759141289984
2026-03-10T14:56:00-04:00,AAPL,Apple Inc.,261.3500061035156,261.5299072265625,261.3147888183594,30215,3759141289984
2026-03-10T14:57:00-04:00,AAPL,Apple Inc.,261.5199890136719,261.5199890136719,261.3599853515625,40044,3759141289984
2026-03-10T14:58:00-04:00,AAPL,Apple Inc.,261.42999267578125,261.5199890136719,261.3999938964844,29592,3759141289984
2026-03-10T14:59:00-04:00,AAPL,Apple Inc.,261.32501220703125,261.4549865722656,261.31500244140625,22410,3759141289984
2026-03-10T15:00:00-04:00,AAPL,Apple Inc.,261.44000244140625,261.5400085449219,261.3599853515625,39601,3759141289984
2026-03-10T15:01:00-04:00,AAPL,Apple Inc.,261.4200134277344,261.5299987792969,261.36248779296875,27735,3759141289984
2026-03-10T15:02:00-04:00,AAPL,Apple Inc.,261.3399963378906,261.4549865722656,261.2749938964844,25826,3759141289984
2026-03-10T15:03:00-04:00,AAPL,Apple Inc.,261.2300109863281,261.3500061035156,261.1199951171875,32322,3759141289984
2026-03-10T15:04:00-04:00,AAPL,Apple Inc.,261.1000061035156,261.32879638671875,261.1000061035156,39397,3759141289984
2026-03-10T15:05:00-04:00,AAPL,Apple Inc.,261.1300048828125,261.19000244140625,261.0,42461,3759141289984
2026-03-10T15:06:00-04:00,AAPL,Apple Inc.,261.0199890136719,261.239990234375,260.9800109863281,29830,3759141289984
2026-03-10T15:07:00-04:00,AAPL,Apple Inc.,261.1520080566406,261.1700134277344,260.9599914550781,59047,3759141289984
2026-03-10T15:08:00-04:00,AAPL,Apple Inc.,261.42999267578125,261.5,261.17999267578125,41298,3759141289984
2026-03-10T15:09:00-04:00,AAPL,Apple Inc.,261.3800048828125,261.5299987792969,261.375,26761,3759141289984
2026-03-10T15:10:00-04:00,AAPL,Apple Inc.,261.2799987792969,261.3900146484375,261.19500732421875,34693,3759141289984
2026-03-10T15:11:00-04:00,AAPL,Apple Inc.,261.1499938964844,261.2699890136719,261.1050109863281,26669,3759141289984
2026-03-10T15:12:00-04:00,AAPL,Apple Inc.,261.0400085449219,261.2300109863281,261.0400085449219,33605,3759141289984
2026-03-10T15:13:00-04:00,AAPL,Apple Inc.,261.239990234375,261.239990234375,261.0494079589844,28522,3759141289984
2026-03-10T15:14:00-04:00,AAPL,Apple Inc.,261.3900146484375,261.42999267578125,261.2200012207031,39789,3759141289984
2026-03-10T15:15:00-04:00,AAPL,Apple Inc.,261.3299865722656,261.4700012207031,261.32000732421875,29621,3759141289984
2026-03-10T15:16:00-04:00,AAPL,Apple Inc.,261.25,261.3550109863281,261.19000244140625,33519,3759141289984
2026-03-10T15:17:00-04:00,AAPL,Apple Inc.,261.5,261.5400085449219,261.2650146484375,66496,3759141289984
2026-03-10T15:18:00-04:00,AAPL,Apple Inc.,261.5400085449219,261.6000061035156,261.4599914550781,45016,3759141289984
2026-03-10T15:19:00-04:00,AAPL,Apple Inc.,261.364990234375,261.5483093261719,261.3299865722656,34376,3759141289984
2026-03-10T15:20:00-04:00,AAPL,Apple Inc.,261.20001220703125,261.489990234375,261.1400146484375,75090,3759141289984
2026-03-10T15:21:00-04:00,AAPL,Apple Inc.,260.739990234375,261.25,260.70001220703125,80134,3759141289984
2026-03-10T15:22:00-04:00,AAPL,Apple Inc.,260.95001220703125,260.9649963378906,260.6700134277344,38847,3759141289984
2026-03-10T15:23:00-04:00,AAPL,Apple Inc.,260.9849853515625,261.1099853515625,260.8500061035156,60411,3759141289984
2026-03-10T15:24:00-04:00,AAPL,Apple Inc.,261.00299072265625,261.0199890136719,260.8500061035156,49008,3759141289984
2026-03-10T15:25:00-04:00,AAPL,Apple Inc.,260.7950134277344,261.06829833984375,260.75048828125,42345,3759141289984
2026-03-10T15:26:00-04:00,AAPL,Apple Inc.,260.5494079589844,260.7950134277344,260.489990234375,53839,3759141289984
2026-03-10T15:27:00-04:00,AAPL,Apple Inc.,260.69000244140625,260.760009765625,260.42999267578125,56415,3759141289984
2026-03-10T15:28:00-04:00,AAPL,Apple Inc.,260.6199035644531,260.70001220703125,260.54010009765625,27896,3759141289984
2026-03-10T15:29:00-04:00,AAPL,Apple Inc.,260.5050048828125,260.7049865722656,260.4883117675781,33133,3759141289984
2026-03-10T15:30:00-04:00,AAPL,Apple Inc.,260.4599914550781,260.5299987792969,260.35009765625,62399,3759141289984
2026-03-10T15:31:00-04:00,AAPL,Apple Inc.,260.5,260.7099914550781,260.42999267578125,47102,3759141289984
2026-03-10T15:32:00-04:00,AAPL,Apple Inc.,260.7449951171875,260.75,260.44500732421875,48199,3759141289984
2026-03-10T15:33:00-04:00,AAPL,Apple Inc.,260.760009765625,260.8550109863281,260.7099914550781,65440,3759141289984
2026-03-10T15:34:00-04:00,AAPL,Apple Inc.,260.7099914550781,260.760009765625,260.5199890136719,71472,3759141289984
2026-03-10T15:35:00-04:00,AAPL,Apple Inc.,260.5,260.7699890136719,260.5,76127,3759141289984
2026-03-10T15:36:00-04:00,AAPL,Apple Inc.,260.6383056640625,260.69830322265625,260.5,60842,3759141289984
2026-03-10T15:37:00-04:00,AAPL,Apple Inc.,260.7749938964844,260.8599853515625,260.6199951171875,61878,3759141289984
2026-03-10T15:38:00-04:00,AAPL,Apple Inc.,260.8599853515625,260.8800048828125,260.7117004394531,56603,3759141289984
2026-03-10T15:39:00-04:00,AAPL,Apple Inc.,260.8501892089844,260.9576110839844,260.739990234375,44725,3759141289984
2026-03-10T15:40:00-04:00,AAPL,Apple Inc.,261.04998779296875,261.20001220703125,260.57501220703125,233635,3759141289984
2026-03-10T15:41:00-04:00,AAPL,Apple Inc.,260.7300109863281,261.1099853515625,260.7300109863281,80123,3759141289984
2026-03-10T15:42:00-04:00,AAPL,Apple Inc.,261.010009765625,261.010009765625,260.7200012207031,60953,3759141289984
2026-03-10T15:43:00-04:00,AAPL,Apple Inc.,261.0899963378906,261.1099853515625,260.92999267578125,53511,3759141289984
2026-03-10T15:44:00-04:00,AAPL,Apple Inc.,260.9700012207031,261.0899963378906,260.92999267578125,41160,3759141289984
2026-03-10T15:45:00-04:00,AAPL,Apple Inc.,261.0899963378906,261.20001220703125,260.94000244140625,97862,3759141289984
2026-03-10T15:46:00-04:00,AAPL,Apple Inc.,260.7799987792969,261.1000061035156,260.7699890136719,86198,3759141289984
2026-03-10T15:47:00-04:00,AAPL,Apple Inc.,260.739990234375,260.8999938964844,260.67999267578125,60076,3759141289984
2026-03-10T15:48:00-04:00,AAPL,Apple Inc.,260.67999267578125,260.7200012207031,260.5201110839844,56860,3759141289984
2026-03-10T15:49:00-04:00,AAPL,Apple Inc.,260.8500061035156,260.8800048828125,260.6199951171875,68716,3759141289984
2026-03-10T15:50:00-04:00,AAPL,Apple Inc.,260.8800048828125,260.92999267578125,260.5299987792969,173248,3759141289984
2026-03-10T15:51:00-04:00,AAPL,Apple Inc.,260.6499938964844,261.0,260.6449890136719,72620,3759141289984
2026-03-10T15:52:00-04:00,AAPL,Apple Inc.,260.5199890136719,261.05999755859375,260.5116882324219,202410,3759141289984
2026-03-10T15:53:00-04:00,AAPL,Apple Inc.,260.7900085449219,260.8900146484375,260.5199890136719,92007,3759141289984
2026-03-10T15:54:00-04:00,AAPL,Apple Inc.,260.7250061035156,260.80999755859375,260.6300048828125,82175,3759141289984
2026-03-10T15:55:00-04:00,AAPL,Apple Inc.,260.6400146484375,260.8299865722656,260.5,140477,3759141289984
2026-03-10T15:56:00-04:00,AAPL,Apple Inc.,260.6499938964844,260.6700134277344,260.5299987792969,118293,3759141289984
2026-03-10T15:57:00-04:00,AAPL,Apple Inc.,260.69000244140625,260.7349853515625,260.54998779296875,146134,3759141289984
2026-03-10T15:58:00-04:00,AAPL,Apple Inc.,260.7449951171875,260.8699951171875,260.6300048828125,233809,3759141289984
2026-03-10T15:59:00-04:00,AAPL,Apple Inc.,260.7200012207031,260.92999267578125,260.57000732421875,536106,3759141289984
2026-03-11T09:30:00-04:00,AAPL,Apple Inc.,261.2799987792969,261.3599853515625,260.2099914550781,560438,3759141289984
2026-03-11T09:31:00-04:00,AAPL,Apple Inc.,261.4599914550781,261.6499938964844,261.160888671875,108029,3759141289984
2026-03-11T09:32:00-04:00,AAPL,Apple Inc.,261.260009765625,261.80999755859375,261.1600036621094,95797,3759141289984
2026-03-11T09:33:00-04:00,AAPL,Apple Inc.,261.55999755859375,261.7300109863281,261.2950134277344,64661,3759141289984
2026-03-11T09:34:00-04:00,AAPL,Apple Inc.,261.7099914550781,261.79998779296875,261.32000732421875,86826,3759141289984
2026-03-11T09:35:00-04:00,AAPL,Apple Inc.,261.2699890136719,261.8699951171875,261.2200012207031,79416,3759141289984
2026-03-11T09:36:00-04:00,AAPL,Apple Inc.,261.5249938964844,261.7200012207031,261.20001220703125,35613,3759141289984
2026-03-11T09:37:00-04:00,AAPL,Apple Inc.,261.79998779296875,261.8800048828125,261.3900146484375,70212,3759141289984
2026-03-11T09:38:00-04:00,AAPL,Apple Inc.,261.9200134277344,261.9200134277344,261.69000244140625,61841,3759141289984
2026-03-11T09:39:00-04:00,AAPL,Apple Inc.,261.8492126464844,262.0199890136719,261.70001220703125,63121,3759141289984
2026-03-11T09:40:00-04:00,AAPL,Apple Inc.,261.7699890136719,261.9092102050781,261.489990234375,56635,3759141289984
2026-03-11T09:41:00-04:00,AAPL,Apple Inc.,261.5899963378906,261.83990478515625,261.3599853515625,73020,3759141289984
2026-03-11T09:42:00-04:00,AAPL,Apple Inc.,261.57501220703125,261.6700134277344,261.4400939941406,48499,3759141289984
2026-03-11T09:43:00-04:00,AAPL,Apple Inc.,261.57000732421875,261.6549987792969,261.3599853515625,38360,3759141289984
2026-03-11T09:44:00-04:00,AAPL,Apple Inc.,261.3550109863281,261.5799865722656,261.30999755859375,53524,3759141289984
2026-03-11T09:45:00-04:00,AAPL,Apple Inc.,261.6099853515625,261.7300109863281,261.2511901855469,70969,3759141289984
2026-03-11T09:46:00-04:00,AAPL,Apple Inc.,261.1199951171875,261.5799865722656,261.0899963378906,86390,3759141289984
2026-03-11T09:47:00-04:00,AAPL,Apple Inc.,260.9800109863281,261.25,260.860107421875,79847,3759141289984
2026-03-11T09:48:00-04:00,AAPL,Apple Inc.,261.010009765625,261.1199951171875,260.8999938964844,62137,3759141289984
2026-03-11T09:49:00-04:00,AAPL,Apple Inc.,260.8800048828125,260.989990234375,260.760009765625,62192,3759141289984
2026-03-11T09:50:00-04:00,AAPL,Apple Inc.,260.739990234375,260.94989013671875,260.7200012207031,66599,3759141289984
2026-03-11T09:51:00-04:00,AAPL,Apple Inc.,260.781005859375,260.8500061035156,260.68499755859375,37088,3759141289984
2026-03-11T09:52:00-04:00,AAPL,Apple Inc.,260.8500061035156,260.8999938964844,260.57000732421875,48411,3759141289984
2026-03-11T09:53:00-04:00,AAPL,Apple Inc.,260.8999938964844,261.1099853515625,260.8800048828125,62406,3759141289984
2026-03-11T09:54:00-04:00,AAPL,Apple Inc.,260.7250061035156,260.9200134277344,260.67999267578125,40266,3759141289984
2026-03-11T09:55:00-04:00,AAPL,Apple Inc.,260.7799987792969,260.92999267578125,260.6600036621094,49443,3759141289984
2026-03-11T09:56:00-04:00,AAPL,Apple Inc.,260.8800048828125,260.9266052246094,260.5899963378906,53550,3759141289984
2026-03-11T09:57:00-04:00,AAPL,Apple Inc.,260.9949951171875,261.0,260.7300109863281,57005,3759141289984
2026-03-11T09:58:00-04:00,AAPL,Apple Inc.,261.4200134277344,261.5,260.9949951171875,64934,3759141289984
2026-03-11T09:59:00-04:00,AAPL,Apple Inc.,261.260009765625,261.3999938964844,261.16009521484375,69486,3759141289984
2026-03-11T10:00:00-04:00,AAPL,Apple Inc.,262.0299987792969,262.1300048828125,261.2200012207031,161821,3759141289984
2026-03-11T10:01:00-04:00,AAPL,Apple Inc.,261.7699890136719,262.1300048828125,261.625,87666,3759141289984
2026-03-11T10:02:00-04:00,AAPL,Apple Inc.,261.40008544921875,261.7384948730469,261.40008544921875,54431,3759141289984
2026-03-11T10:03:00-04:00,AAPL,Apple Inc.,260.9956970214844,261.4150085449219,260.8799133300781,83595,3759141289984
2026-03-11T10:04:00-04:00,AAPL,Apple Inc.,261.114990234375,261.4150085449219,261.04998779296875,52170,3759141289984
2026-03-11T10:05:00-04:00,AAPL,Apple Inc.,261.3699951171875,261.42999267578125,261.1206970214844,47454,3759141289984
2026-03-11T10:06:00-04:00,AAPL,Apple Inc.,261.19500732421875,261.5,261.1050109863281,55246,3759141289984
2026-03-11T10:07:00-04:00,AAPL,Apple Inc.,261.1463928222656,261.2449951171875,261.0591125488281,35061,3759141289984
2026-03-11T10:08:00-04:00,AAPL,Apple Inc.,261.0199890136719,261.1199951171875,260.82000732421875,67341,3759141289984
2026-03-11T10:09:00-04:00,AAPL,Apple Inc.,260.8700866699219,261.1400146484375,260.82000732421875,61394,3759141289984
2026-03-11T10:10:00-04:00,AAPL,Apple Inc.,261.0299987792969,261.20001220703125,260.9200134277344,60585,3759141289984
2026-03-11T10:11:00-04:00,AAPL,Apple Inc.,260.9844970703125,261.114990234375,260.80999755859375,46150,3759141289984
2026-03-11T10:12:00-04:00,AAPL,Apple Inc.,260.9100036621094,261.04998779296875,260.72540283203125,52819,3759141289984
2026-03-11T10:13:00-04:00,AAPL,Apple Inc.,260.8200988769531,261.0498962402344,260.8200988769531,47062,3759141289984
2026-03-11T10:14:00-04:00,AAPL,Apple Inc.,260.86810302734375,260.989990234375,260.79998779296875,65996,3759141289984
2026-03-11T10:15:00-04:00,AAPL,Apple Inc.,260.75,261.0899963378906,260.6499938964844,66667,3759141289984
2026-03-11T10:16:00-04:00,AAPL,Apple Inc.,260.5591125488281,260.7099914550781,260.4200134277344,60014,3759141289984
2026-03-11T10:17:00-04:00,AAPL,Apple Inc.,260.54998779296875,260.65008544921875,260.45001220703125,80190,3759141289984
2026-03-11T10:18:00-04:00,AAPL,Apple Inc.,260.7898864746094,260.7898864746094,260.510009765625,34757,3759141289984
2026-03-11T10:19:00-04:00,AAPL,Apple Inc.,260.7799987792969,260.9798889160156,260.67999267578125,56585,3759141289984
2026-03-11T10:20:00-04:00,AAPL,Apple Inc.,260.7099914550781,260.8583068847656,260.6300048828125,37204,3759141289984
2026-03-11T10:21:00-04:00,AAPL,Apple Inc.,260.5,260.7300109863281,260.4800109863281,48229,3759141289984
2026-03-11T10:22:00-04:00,AAPL,Apple Inc.,260.59100341796875,260.6087951660156,260.45001220703125,48238,3759141289984
2026-03-11T10:23:00-04:00,AAPL,Apple Inc.,260.25,260.5899963378906,260.2099914550781,69101,3759141289984
2026-03-11T10:24:00-04:00,AAPL,Apple Inc.,260.25,260.3599853515625,260.17999267578125,47727,3759141289984
2026-03-11T10:25:00-04:00,AAPL,Apple Inc.,260.20001220703125,260.3299865722656,260.1600036621094,62528,3759141289984
2026-03-11T10:26:00-04:00,AAPL,Apple Inc.,260.07000732421875,260.2699890136719,260.010009765625,48269,3759141289984
2026-03-11T10:27:00-04:00,AAPL,Apple Inc.,259.6400146484375,260.05120849609375,259.54998779296875,100640,3759141289984
2026-03-11T10:28:00-04:00,AAPL,Apple Inc.,259.6400146484375,259.6700134277344,259.5559997558594,67615,3759141289984
2026-03-11T10:29:00-04:00,AAPL,Apple Inc.,259.9949951171875,260.0,259.6499938964844,67753,3759141289984
2026-03-11T10:30:00-04:00,AAPL,Apple Inc.,260.139892578125,260.139892578125,259.8901062011719,41843,3759141289984
2026-03-11T10:31:00-04:00,AAPL,Apple Inc.,260.0989990234375,260.3599853515625,260.0,51978,3759141289984
2026-03-11T10:32:00-04:00,AAPL,Apple Inc.,260.1000061035156,260.1300048828125,259.9949951171875,36003,3759141289984
2026-03-11T10:33:00-04:00,AAPL,Apple Inc.,259.9801025390625,260.0806884765625,259.9599914550781,27902,3759141289984
2026-03-11T10:34:00-04:00,AAPL,Apple Inc.,260.0350036621094,260.0350036621094,259.8599853515625,48235,3759141289984
2026-03-11T10:35:00-04:00,AAPL,Apple Inc.,260.07501220703125,260.2099914550781,259.92999267578125,49123,3759141289984
2026-03-11T10:36:00-04:00,AAPL,Apple Inc.,260.2149963378906,260.2950134277344,260.05999755859375,54874,3759141289984
2026-03-11T10:37:00-04:00,AAPL,Apple Inc.,260.385009765625,260.3893127441406,260.1600036621094,51183,3759141289984
2026-03-11T10:38:00-04:00,AAPL,Apple Inc.,260.3999938964844,260.5,260.3417053222656,63273,3759141289984
2026-03-11T10:39:00-04:00,AAPL,Apple Inc.,260.2782897949219,260.4200134277344,260.2250061035156,24198,3759141289984
2026-03-11T10:41:00-04:00,AAPL,Apple Inc.,260.1499938964844,260.1499938964844,260.1199951171875,97211,3759141289984
2026-03-11T10:42:00-04:00,AAPL,Apple Inc.,260.2149963378906,260.32000732421875,260.1199951171875,32600,3759141289984
2026-03-11T10:43:00-04:00,AAPL,Apple Inc.,260.2049865722656,260.32000732421875,260.1304016113281,43862,3759141289984
2026-03-11T10:44:00-04:00,AAPL,Apple Inc.,260.4100036621094,260.5094909667969,260.19500732421875,66970,3759141289984
2026-03-11T10:45:00-04:00,AAPL,Apple Inc.,260.5050048828125,260.5199890136719,260.2799987792969,58274,3759141289984
2026-03-11T10:46:00-04:00,AAPL,Apple Inc.,260.3349914550781,260.5899963378906,260.3349914550781,35602,3759141289984
2026-03-11T10:47:00-04:00,AAPL,Apple Inc.,260.6000061035156,260.6000061035156,260.3500061035156,34516,3759141289984
2026-03-11T10:48:00-04:00,AAPL,Apple Inc.,260.5849914550781,260.6300048828125,260.42999267578125,43640,3759141289984
2026-03-11T10:49:00-04:00,AAPL,Apple Inc.,260.55999755859375,260.6000061035156,260.4700012207031,40275,3759141289984
2026-03-11T10:50:00-04:00,AAPL,Apple Inc.,260.75,260.79998779296875,260.57501220703125,63316,3759141289984
2026-03-11T10:51:00-04:00,AAPL,Apple Inc.,260.723388671875,260.7650146484375,260.5899963378906,36192,3759141289984
2026-03-11T10:52:00-04:00,AAPL,Apple Inc.,260.6300048828125,260.7598876953125,260.5799865722656,39846,3759141289984
2026-03-11T10:53:00-04:00,AAPL,Apple Inc.,260.635009765625,260.7200012207031,260.6099853515625,24776,3759141289984
2026-03-11T10:54:00-04:00,AAPL,Apple Inc.,260.7099914550781,260.7200012207031,260.6199951171875,36631,3759141289984
2026-03-11T10:55:00-04:00,AAPL,Apple Inc.,260.6099853515625,260.7200012207031,260.5899963378906,45377,3759141289984
2026-03-11T10:56:00-04:00,AAPL,Apple Inc.,260.5201110839844,260.6499938964844,260.4800109863281,32664,3759141289984
2026-03-11T10:57:00-04:00,AAPL,Apple Inc.,260.75,260.7799987792969,260.51239013671875,37491,3759141289984
2026-03-11T10:58:00-04:00,AAPL,Apple Inc.,260.70001220703125,260.8299865722656,260.6300964355469,35636,3759141289984
2026-03-11T10:59:00-04:00,AAPL,Apple Inc.,260.7200012207031,260.739990234375,260.5799865722656,51739,3759141289984
2026-03-11T11:00:00-04:00,AAPL,Apple Inc.,260.8949890136719,260.9599914550781,260.70330810546875,79836,3759141289984
2026-03-11T11:01:00-04:00,AAPL,Apple Inc.,260.6300048828125,260.8800048828125,260.57000732421875,38967,3759141289984
2026-03-11T11:02:00-04:00,AAPL,Apple Inc.,260.4100036621094,260.6000061035156,260.2900085449219,45652,3759141289984
2026-03-11T11:03:00-04:00,AAPL,Apple Inc.,260.5000915527344,260.5889892578125,260.3699951171875,30137,3759141289984
2026-03-11T11:04:00-04:00,AAPL,Apple Inc.,260.864990234375,260.8800048828125,260.3999938964844,55626,3759141289984
2026-03-11T11:05:00-04:00,AAPL,Apple Inc.,260.79779052734375,260.864990234375,260.7099914550781,46532,3759141289984
2026-03-11T11:06:00-04:00,AAPL,Apple Inc.,260.67999267578125,260.8299865722656,260.6200866699219,46128,3759141289984
2026-03-11T11:07:00-04:00,AAPL,Apple Inc.,260.6556091308594,260.7898864746094,260.6400146484375,23404,3759141289984
2026-03-11T11:08:00-04:00,AAPL,Apple Inc.,260.5882873535156,260.6700134277344,260.42999267578125,47909,3759141289984
2026-03-11T11:09:00-04:00,AAPL,Apple Inc.,260.6199951171875,260.6199951171875,260.5249938964844,21831,3759141289984
2026-03-11T11:10:00-04:00,AAPL,Apple Inc.,260.55999755859375,260.8299865722656,260.55999755859375,33719,3759141289984
2026-03-11T11:11:00-04:00,AAPL,Apple Inc.,260.489990234375,260.5799865722656,260.3999938964844,44366,3759141289984
2026-03-11T11:12:00-04:00,AAPL,Apple Inc.,260.0195007324219,260.5199890136719,260.0,81736,3759141289984
2026-03-11T11:13:00-04:00,AAPL,Apple Inc.,260.25,260.3299865722656,259.95001220703125,60085,3759141289984
2026-03-11T11:14:00-04:00,AAPL,Apple Inc.,260.3900146484375,260.43499755859375,260.239990234375,25912,3759141289984
2026-03-11T11:15:00-04:00,AAPL,Apple Inc.,260.239990234375,260.46990966796875,260.2001037597656,36502,3759141289984
2026-03-11T11:16:00-04:00,AAPL,Apple Inc.,260.31500244140625,260.44000244140625,260.239990234375,45751,3759141289984
2026-03-11T11:17:00-04:00,AAPL,Apple Inc.,260.17999267578125,260.3299865722656,260.1700134277344,28604,3759141289984
2026-03-11T11:18:00-04:00,AAPL,Apple Inc.,260.385009765625,260.3999938964844,260.0899963378906,37753,3759141289984
2026-03-11T11:19:00-04:00,AAPL,Apple Inc.,260.45001220703125,260.5198974609375,260.3900146484375,62941,3759141289984
2026-03-11T11:20:00-04:00,AAPL,Apple Inc.,260.6400146484375,260.7200012207031,260.4200134277344,45206,3759141289984
2026-03-11T11:21:00-04:00,AAPL,Apple Inc.,260.5899963378906,260.72088623046875,260.55999755859375,26680,3759141289984
2026-03-11T11:22:00-04:00,AAPL,Apple Inc.,260.4599914550781,260.6199951171875,260.42999267578125,25766,3759141289984
2026-03-11T11:23:00-04:00,AAPL,Apple Inc.,260.7900085449219,260.79998779296875,260.3299865722656,56007,3759141289984
2026-03-11T11:24:00-04:00,AAPL,Apple Inc.,260.8500061035156,260.9200134277344,260.7207946777344,45350,3759141289984
2026-03-11T11:25:00-04:00,AAPL,Apple Inc.,260.7398986816406,260.9119873046875,260.7200012207031,33071,3759141289984
2026-03-11T11:26:00-04:00,AAPL,Apple Inc.,260.6300048828125,260.7799987792969,260.6014099121094,36255,3759141289984
2026-03-11T11:27:00-04:00,AAPL,Apple Inc.,260.53009033203125,260.6600036621094,260.42999267578125,43247,3759141289984
2026-03-11T11:28:00-04:00,AAPL,Apple Inc.,260.5201110839844,260.6400146484375,260.4700927734375,35026,3759141289984
2026-03-11T11:29:00-04:00,AAPL,Apple Inc.,260.1000061035156,260.510009765625,260.0899963378906,59056,3759141289984
2026-03-11T11:30:00-04:00,AAPL,Apple Inc.,259.989990234375,260.2300109863281,259.9100036621094,88493,3759141289984
2026-03-11T11:31:00-04:00,AAPL,Apple Inc.,259.989990234375,260.010009765625,259.8500061035156,37726,3759141289984
2026-03-11T11:32:00-04:00,AAPL,Apple Inc.,260.239990234375,260.239990234375,259.94500732421875,52003,3759141289984
2026-03-11T11:33:00-04:00,AAPL,Apple Inc.,260.2799987792969,260.3399963378906,260.2099914550781,33481,3759141289984
2026-03-11T11:34:00-04:00,AAPL,Apple Inc.,260.2650146484375,260.44000244140625,260.260009765625,44294,3759141289984
2026-03-11T11:35:00-04:00,AAPL,Apple Inc.,260.2300109863281,260.3399963378906,260.17498779296875,28221,3759141289984
2026-03-11T11:36:00-04:00,AAPL,Apple Inc.,260.30499267578125,260.3399963378906,260.19000244140625,23185,3759141289984
2026-03-11T11:37:00-04:00,AAPL,Apple Inc.,260.40008544921875,260.44989013671875,260.2604064941406,29017,3759141289984
2026-03-11T11:38:00-04:00,AAPL,Apple Inc.,260.5299987792969,260.56170654296875,260.364990234375,40923,3759141289984
2026-03-11T11:39:00-04:00,AAPL,Apple Inc.,260.42999267578125,260.54998779296875,260.369384765625,33627,3759141289984
2026-03-11T11:40:00-04:00,AAPL,Apple Inc.,260.42999267578125,260.5799865722656,260.4200134277344,25964,3759141289984
2026-03-11T11:41:00-04:00,AAPL,Apple Inc.,260.45001220703125,260.57989501953125,260.44000244140625,23607,3759141289984
2026-03-11T11:42:00-04:00,AAPL,Apple Inc.,260.4849853515625,260.5299987792969,260.4100036621094,26773,3759141289984
2026-03-11T11:43:00-04:00,AAPL,Apple Inc.,260.4800109863281,260.54998779296875,260.44000244140625,29596,3759141289984
2026-03-11T11:44:00-04:00,AAPL,Apple Inc.,260.2699890136719,260.5069885253906,260.260009765625,56056,3759141289984
2026-03-11T11:45:00-04:00,AAPL,Apple Inc.,260.1724853515625,260.3299865722656,260.1499938964844,29734,3759141289984
2026-03-11T11:46:00-04:00,AAPL,Apple Inc.,260.2650146484375,260.32000732421875,260.07000732421875,39741,3759141289984
2026-03-11T11:47:00-04:00,AAPL,Apple Inc.,260.30499267578125,260.3299865722656,260.1700134277344,25065,3759141289984
2026-03-11T11:48:00-04:00,AAPL,Apple Inc.,260.2250061035156,260.2900085449219,260.1600036621094,23257,3759141289984
2026-03-11T11:49:00-04:00,AAPL,Apple Inc.,260.30499267578125,260.4200134277344,260.1499938964844,51552,3759141289984
2026-03-11T11:50:00-04:00,AAPL,Apple Inc.,260.4800109863281,260.5198974609375,260.32000732421875,47261,3759141289984
2026-03-11T11:51:00-04:00,AAPL,Apple Inc.,260.6099853515625,260.6400146484375,260.4469909667969,52860,3759141289984
2026-03-11T11:52:00-04:00,AAPL,Apple Inc.,260.6199951171875,260.6600036621094,260.55999755859375,31977,3759141289984
2026-03-11T11:53:00-04:00,AAPL,Apple Inc.,260.79998779296875,260.79998779296875,260.60009765625,32818,3759141289984
2026-03-11T11:54:00-04:00,AAPL,Apple Inc.,260.82000732421875,260.8500061035156,260.68499755859375,52502,3759141289984
2026-03-11T11:55:00-04:00,AAPL,Apple Inc.,260.760009765625,260.8680114746094,260.67999267578125,53785,3759141289984
2026-03-11T11:56:00-04:00,AAPL,Apple Inc.,260.7149963378906,260.760009765625,260.6171875,25333,3759141289984
2026-03-11T11:57:00-04:00,AAPL,Apple Inc.,260.739990234375,260.7701110839844,260.65008544921875,25895,3759141289984
2026-03-11T11:58:00-04:00,AAPL,Apple Inc.,260.7449951171875,260.8599853515625,260.6400146484375,46205,3759141289984
2026-03-11T11:59:00-04:00,AAPL,Apple Inc.,260.6300048828125,260.7900085449219,260.6300048828125,22276,3759141289984
2026-03-11T12:00:00-04:00,AAPL,Apple Inc.,260.385009765625,260.69000244140625,260.3500061035156,29025,3759141289984
2026-03-11T12:01:00-04:00,AAPL,Apple Inc.,260.3550109863281,260.4798889160156,260.2900085449219,32455,3759141289984
2026-03-11T12:02:00-04:00,AAPL,Apple Inc.,260.28009033203125,260.3999938964844,260.239990234375,39057,3759141289984
2026-03-11T12:03:00-04:00,AAPL,Apple Inc.,260.260009765625,260.3399963378906,260.25,23252,3759141289984
2026-03-11T12:04:00-04:00,AAPL,Apple Inc.,260.2300109863281,260.260009765625,260.19000244140625,24742,3759141289984
2026-03-11T12:05:00-04:00,AAPL,Apple Inc.,260.2099914550781,260.3699951171875,260.20001220703125,22207,3759141289984
2026-03-11T12:06:00-04:00,AAPL,Apple Inc.,260.364990234375,260.4200134277344,260.19500732421875,28248,3759141289984
2026-03-11T12:07:00-04:00,AAPL,Apple Inc.,260.2101135253906,260.3599853515625,260.2101135253906,17891,3759141289984
2026-03-11T12:08:00-04:00,AAPL,Apple Inc.,260.239990234375,260.2950134277344,260.1400146484375,22113,3759141289984
2026-03-11T12:09:00-04:00,AAPL,Apple Inc.,260.260009765625,260.260009765625,260.20001220703125,21844,3759141289984
2026-03-11T12:10:00-04:00,AAPL,Apple Inc.,260.4100036621094,260.44000244140625,260.19000244140625,33192,3759141289984
2026-03-11T12:11:00-04:00,AAPL,Apple Inc.,260.29998779296875,260.40948486328125,260.2401123046875,25248,3759141289984
2026-03-11T12:12:00-04:00,AAPL,Apple Inc.,260.29010009765625,260.3299865722656,260.25,28042,3759141289984
2026-03-11T12:13:00-04:00,AAPL,Apple Inc.,260.4100036621094,260.4100036621094,260.2593078613281,24168,3759141289984
2026-03-11T12:14:00-04:00,AAPL,Apple Inc.,260.41009521484375,260.4800109863281,260.3900146484375,26516,3759141289984
2026-03-11T12:15:00-04:00,AAPL,Apple Inc.,260.3399963378906,260.4849853515625,260.3399963378906,28127,3759141289984
2026-03-11T12:16:00-04:00,AAPL,Apple Inc.,260.41119384765625,260.41119384765625,260.260009765625,26340,3759141289984
2026-03-11T12:17:00-04:00,AAPL,Apple Inc.,260.44000244140625,260.5,260.3299865722656,46527,3759141289984
2026-03-11T12:18:00-04:00,AAPL,Apple Inc.,260.5050048828125,260.55999755859375,260.4100036621094,18269,3759141289984
2026-03-11T12:19:00-04:00,AAPL,Apple Inc.,260.2922058105469,260.54998779296875,260.2922058105469,22849,3759141289984
2026-03-11T12:20:00-04:00,AAPL,Apple Inc.,260.2489013671875,260.32501220703125,260.2001037597656,45623,3759141289984
2026-03-11T12:21:00-04:00,AAPL,Apple Inc.,260.3399963378906,260.43798828125,260.2200012207031,36551,3759141289984
2026-03-11T12:22:00-04:00,AAPL,Apple Inc.,260.3800048828125,260.4049987792969,260.30999755859375,15557,3759141289984
2026-03-11T12:23:00-04:00,AAPL,Apple Inc.,260.44000244140625,260.4800109863281,260.3999938964844,23916,3759141289984
2026-03-11T12:24:00-04:00,AAPL,Apple Inc.,260.5,260.5,260.3861999511719,27958,3759141289984
2026-03-11T12:25:00-04:00,AAPL,Apple Inc.,260.6549987792969,260.6549987792969,260.510009765625,41400,3759141289984
2026-03-11T12:26:00-04:00,AAPL,Apple Inc.,260.6700134277344,260.6700134277344,260.5350036621094,21497,3759141289984
2026-03-11T12:27:00-04:00,AAPL,Apple Inc.,260.6199951171875,260.7250061035156,260.6099853515625,14135,3759141289984
2026-03-11T12:28:00-04:00,AAPL,Apple Inc.,260.6700134277344,260.69000244140625,260.56500244140625,25564,3759141289984
2026-03-11T12:29:00-04:00,AAPL,Apple Inc.,260.6449890136719,260.7300109863281,260.6401062011719,29207,3759141289984
2026-03-11T12:30:00-04:00,AAPL,Apple Inc.,260.8900146484375,260.9280090332031,260.6199951171875,41371,3759141289984
2026-03-11T12:31:00-04:00,AAPL,Apple Inc.,261.06500244140625,261.0799865722656,260.91009521484375,46930,3759141289984
2026-03-11T12:32:00-04:00,AAPL,Apple Inc.,261.0299987792969,261.20001220703125,260.9801025390625,47309,3759141289984
2026-03-11T12:33:00-04:00,AAPL,Apple Inc.,261.05499267578125,261.1000061035156,260.95001220703125,30153,3759141289984
2026-03-11T12:34:00-04:00,AAPL,Apple Inc.,261.0199890136719,261.1400146484375,261.0199890136719,18693,3759141289984
2026-03-11T12:35:00-04:00,AAPL,Apple Inc.,260.9200134277344,261.0299987792969,260.90301513671875,20351,3759141289984
2026-03-11T12:36:00-04:00,AAPL,Apple Inc.,260.95001220703125,261.010009765625,260.93499755859375,18016,3759141289984
2026-03-11T12:37:00-04:00,AAPL,Apple Inc.,261.07501220703125,261.1000061035156,260.9898986816406,24492,3759141289984
2026-03-11T12:38:00-04:00,AAPL,Apple Inc.,260.8699951171875,261.1099853515625,260.81500244140625,26032,3759141289984
2026-03-11T12:39:00-04:00,AAPL,Apple Inc.,260.7383117675781,260.8599853515625,260.67999267578125,38442,3759141289984
2026-03-11T12:40:00-04:00,AAPL,Apple Inc.,260.8500061035156,260.864990234375,260.69000244140625,12441,3759141289984
2026-03-11T12:41:00-04:00,AAPL,Apple Inc.,261.0450134277344,261.04998779296875,260.8599853515625,40352,3759141289984
2026-03-11T12:42:00-04:00,AAPL,Apple Inc.,260.8699951171875,261.05999755859375,260.8599853515625,17831,3759141289984
2026-03-11T12:43:00-04:00,AAPL,Apple Inc.,260.8399963378906,260.9849853515625,260.8399963378906,21392,3759141289984
2026-03-11T12:44:00-04:00,AAPL,Apple Inc.,260.7200012207031,260.82000732421875,260.69000244140625,19159,3759141289984
2026-03-11T12:45:00-04:00,AAPL,Apple Inc.,260.6000061035156,260.7398986816406,260.6000061035156,20837,3759141289984
2026-03-11T12:46:00-04:00,AAPL,Apple Inc.,260.7300109863281,260.7300109863281,260.5400085449219,22873,3759141289984
2026-03-11T12:47:00-04:00,AAPL,Apple Inc.,260.7200012207031,260.7799987792969,260.70001220703125,23525,3759141289984
2026-03-11T12:48:00-04:00,AAPL,Apple Inc.,260.5909118652344,260.69000244140625,260.57000732421875,17833,3759141289984
2026-03-11T12:49:00-04:00,AAPL,Apple Inc.,260.5950012207031,260.62078857421875,260.55999755859375,17107,3759141289984
2026-03-11T12:50:00-04:00,AAPL,Apple Inc.,260.54998779296875,260.7247009277344,260.5199890136719,58965,3759141289984
2026-03-11T12:51:00-04:00,AAPL,Apple Inc.,260.6000061035156,260.6400146484375,260.5400085449219,20290,3759141289984
2026-03-11T12:52:00-04:00,AAPL,Apple Inc.,260.6000061035156,260.6099853515625,260.510009765625,19391,3759141289984
2026-03-11T12:53:00-04:00,AAPL,Apple Inc.,260.6650085449219,260.68499755859375,260.5849914550781,17541,3759141289984
2026-03-11T12:54:00-04:00,AAPL,Apple Inc.,260.6700134277344,260.69000244140625,260.6050109863281,11778,3759141289984
2026-03-11T12:55:00-04:00,AAPL,Apple Inc.,260.639892578125,260.69000244140625,260.6099853515625,16373,3759141289984
2026-03-11T12:56:00-04:00,AAPL,Apple Inc.,260.6050109863281,260.6400146484375,260.57000732421875,15788,3759141289984
2026-03-11T12:57:00-04:00,AAPL,Apple Inc.,260.6199951171875,260.635009765625,260.5849914550781,14791,3759141289984
2026-03-11T12:58:00-04:00,AAPL,Apple Inc.,260.7598876953125,260.760009765625,260.6199951171875,22757,3759141289984
2026-03-11T12:59:00-04:00,AAPL,Apple Inc.,260.67999267578125,260.7699890136719,260.6700134277344,19103,3759141289984
2026-03-11T13:00:00-04:00,AAPL,Apple Inc.,260.7449951171875,260.8500061035156,260.55999755859375,76572,3759141289984
2026-03-11T13:01:00-04:00,AAPL,Apple Inc.,260.55999755859375,260.7601013183594,260.54998779296875,13891,3759141289984
2026-03-11T13:02:00-04:00,AAPL,Apple Inc.,260.54998779296875,260.6700134277344,260.5199890136719,25234,3759141289984
2026-03-11T13:03:00-04:00,AAPL,Apple Inc.,260.6099853515625,260.67999267578125,260.53009033203125,21476,3759141289984
2026-03-11T13:04:00-04:00,AAPL,Apple Inc.,260.5350036621094,260.67498779296875,260.5,36654,3759141289984
2026-03-11T13:05:00-04:00,AAPL,Apple Inc.,260.5899963378906,260.6700134277344,260.5199890136719,31635,3759141289984
2026-03-11T13:06:00-04:00,AAPL,Apple Inc.,260.6134948730469,260.6199951171875,260.5299987792969,23347,3759141289984
2026-03-11T13:07:00-04:00,AAPL,Apple Inc.,260.7417907714844,260.7799987792969,260.6199951171875,36290,3759141289984
2026-03-11T13:08:00-04:00,AAPL,Apple Inc.,260.760009765625,260.7749938964844,260.67999267578125,25742,3759141289984
2026-03-11T13:09:00-04:00,AAPL,Apple Inc.,260.70001220703125,260.739990234375,260.6600036621094,17865,3759141289984
2026-03-11T13:10:00-04:00,AAPL,Apple Inc.,260.6600036621094,260.70001220703125,260.6199951171875,12654,3759141289984
2026-03-11T13:11:00-04:00,AAPL,Apple Inc.,260.6449890136719,260.7149963378906,260.6449890136719,15247,3759141289984
2026-03-11T13:12:00-04:00,AAPL,Apple Inc.,260.6700134277344,260.69000244140625,260.6310119628906,15297,3759141289984
2026-03-11T13:13:00-04:00,AAPL,Apple Inc.,260.7701110839844,260.80999755859375,260.63079833984375,15559,3759141289984
2026-03-11T13:14:00-04:00,AAPL,Apple Inc.,260.6000061035156,260.7782897949219,260.5400085449219,50238,3759141289984
2026-03-11T13:15:00-04:00,AAPL,Apple Inc.,260.8699951171875,260.8900146484375,260.5899963378906,33824,3759141289984
2026-03-11T13:16:00-04:00,AAPL,Apple Inc.,260.8599853515625,260.92999267578125,260.82501220703125,16576,3759141289984
2026-03-11T13:17:00-04:00,AAPL,Apple Inc.,260.79998779296875,260.8800048828125,260.7601013183594,18144,3759141289984
2026-03-11T13:18:00-04:00,AAPL,Apple Inc.,260.6099853515625,260.7449951171875,260.6050109863281,23143,3759141289984
2026-03-11T13:19:00-04:00,AAPL,Apple Inc.,260.635009765625,260.651611328125,260.55999755859375,23230,3759141289984
2026-03-11T13:20:00-04:00,AAPL,Apple Inc.,260.80828857421875,260.80999755859375,260.6401062011719,22450,3759141289984
2026-03-11T13:21:00-04:00,AAPL,Apple Inc.,260.8599853515625,260.8900146484375,260.69500732421875,21837,3759141289984
2026-03-11T13:22:00-04:00,AAPL,Apple Inc.,260.8800048828125,260.9200134277344,260.8599853515625,39969,3759141289984
2026-03-11T13:23:00-04:00,AAPL,Apple Inc.,260.864990234375,260.92999267578125,260.80999755859375,29393,3759141289984
2026-03-11T13:24:00-04:00,AAPL,Apple Inc.,260.9150085449219,260.9150085449219,260.8349914550781,13290,3759141289984
2026-03-11T13:25:00-04:00,AAPL,Apple Inc.,260.9100036621094,260.9700012207031,260.8500061035156,18578,3759141289984
2026-03-11T13:26:00-04:00,AAPL,Apple Inc.,260.8900146484375,260.9078063964844,260.8399963378906,16461,3759141289984
2026-03-11T13:27:00-04:00,AAPL,Apple Inc.,260.997802734375,261.1400146484375,260.8699951171875,44368,3759141289984
2026-03-11T13:28:00-04:00,AAPL,Apple Inc.,261.0199890136719,261.04681396484375,260.94500732421875,10738,3759141289984
2026-03-11T13:29:00-04:00,AAPL,Apple Inc.,261.02508544921875,261.02508544921875,260.9700012207031,26284,3759141289984
2026-03-11T13:30:00-04:00,AAPL,Apple Inc.,261.0350036621094,261.1300048828125,261.0299987792969,16752,3759141289984
2026-03-11T13:31:00-04:00,AAPL,Apple Inc.,260.93499755859375,261.07000732421875,260.8699951171875,26809,3759141289984
2026-03-11T13:32:00-04:00,AAPL,Apple Inc.,261.0150146484375,261.0249938964844,260.90008544921875,22910,3759141289984
2026-03-11T13:33:00-04:00,AAPL,Apple Inc.,261.0299987792969,261.04998779296875,260.9599914550781,26575,3759141289984
2026-03-11T13:34:00-04:00,AAPL,Apple Inc.,260.91009521484375,261.0400085449219,260.8999938964844,10544,3759141289984
2026-03-11T13:35:00-04:00,AAPL,Apple Inc.,260.69000244140625,260.92999267578125,260.67999267578125,25197,3759141289984
2026-03-11T13:36:00-04:00,AAPL,Apple Inc.,260.30999755859375,260.7099914550781,260.2900085449219,41332,3759141289984
2026-03-11T13:37:00-04:00,AAPL,Apple Inc.,259.885009765625,260.3299865722656,259.7699890136719,119316,3759141289984
2026-03-11T13:38:00-04:00,AAPL,Apple Inc.,259.7597961425781,259.9150085449219,259.6300048828125,72354,3759141289984
2026-03-11T13:39:00-04:00,AAPL,Apple Inc.,259.989990234375,260.0799865722656,259.760009765625,57804,3759141289984
2026-03-11T13:40:00-04:00,AAPL,Apple Inc.,259.9999084472656,260.2900085449219,259.9700012207031,70283,3759141289984
2026-03-11T13:41:00-04:00,AAPL,Apple Inc.,259.9800109863281,260.05999755859375,259.9200134277344,33379,3759141289984
2026-03-11T13:42:00-04:00,AAPL,Apple Inc.,259.92498779296875,260.010009765625,259.7850036621094,43854,3759141289984
2026-03-11T13:43:00-04:00,AAPL,Apple Inc.,259.9700012207031,260.04998779296875,259.7900085449219,36283,3759141289984
2026-03-11T13:44:00-04:00,AAPL,Apple Inc.,260.1700134277344,260.2950134277344,259.9599914550781,80784,3759141289984
2026-03-11T13:45:00-04:00,AAPL,Apple Inc.,260.1600036621094,260.20989990234375,260.07000732421875,27381,3759141289984
2026-03-11T13:46:00-04:00,AAPL,Apple Inc.,260.135009765625,260.1899108886719,260.010009765625,28501,3759141289984
2026-03-11T13:47:00-04:00,AAPL,Apple Inc.,260.3599853515625,260.3699951171875,260.1499938964844,27155,3759141289984
2026-03-11T13:48:00-04:00,AAPL,Apple Inc.,260.2699890136719,260.3550109863281,260.23028564453125,12258,3759141289984
2026-03-11T13:49:00-04:00,AAPL,Apple Inc.,260.3301086425781,260.33990478515625,260.19000244140625,18399,3759141289984
2026-03-11T13:50:00-04:00,AAPL,Apple Inc.,260.57501220703125,260.6000061035156,260.4100036621094,33680,3759141289984
2026-03-11T13:51:00-04:00,AAPL,Apple Inc.,260.6899108886719,260.75,260.4700012207031,19003,3759141289984
2026-03-11T13:52:00-04:00,AAPL,Apple Inc.,260.6000061035156,260.739990234375,260.6000061035156,33926,3759141289984
2026-03-11T13:53:00-04:00,AAPL,Apple Inc.,260.5950012207031,260.6199951171875,260.5400085449219,18285,3759141289984
2026-03-11T13:54:00-04:00,AAPL,Apple Inc.,260.54998779296875,260.6000061035156,260.5299987792969,10424,3759141289984
2026-03-11T13:55:00-04:00,AAPL,Apple Inc.,260.3399963378906,260.510009765625,260.2814025878906,30688,3759141289984
2026-03-11T13:56:00-04:00,AAPL,Apple Inc.,260.2550048828125,260.4700012207031,260.2550048828125,31080,3759141289984
2026-03-11T13:57:00-04:00,AAPL,Apple Inc.,260.32000732421875,260.3599853515625,260.2699890136719,24354,3759141289984
2026-03-11T13:58:00-04:00,AAPL,Apple Inc.,260.5198974609375,260.5299987792969,260.3299865722656,39647,3759141289984
2026-03-11T13:59:00-04:00,AAPL,Apple Inc.,260.5050048828125,260.6238098144531,260.46270751953125,25815,3759141289984
2026-03-11T14:00:00-04:00,AAPL,Apple Inc.,260.3999938964844,260.6000061035156,260.375,35071,3759141289984
2026-03-11T14:01:00-04:00,AAPL,Apple Inc.,260.3700866699219,260.4209899902344,260.3550109863281,16867,3759141289984
2026-03-11T14:02:00-04:00,AAPL,Apple Inc.,260.3299865722656,260.3999938964844,260.2900085449219,20527,3759141289984
2026-03-11T14:03:00-04:00,AAPL,Apple Inc.,260.4200134277344,260.4750061035156,260.2650146484375,30239,3759141289984
2026-03-11T14:04:00-04:00,AAPL,Apple Inc.,260.3399963378906,260.3900146484375,260.2900085449219,17282,3759141289984
2026-03-11T14:05:00-04:00,AAPL,Apple Inc.,260.239990234375,260.389892578125,260.2099914550781,18135,3759141289984
2026-03-11T14:06:00-04:00,AAPL,Apple Inc.,260.3500061035156,260.3800048828125,260.239990234375,24960,3759141289984
2026-03-11T14:07:00-04:00,AAPL,Apple Inc.,260.2749938964844,260.364990234375,260.2398986816406,31938,3759141289984
2026-03-11T14:08:00-04:00,AAPL,Apple Inc.,260.17999267578125,260.29998779296875,260.17999267578125,23373,3759141289984
2026-03-11T14:09:00-04:00,AAPL,Apple Inc.,260.1044006347656,260.19000244140625,260.0799865722656,27358,3759141289984
2026-03-11T14:10:00-04:00,AAPL,Apple Inc.,260.0,260.114990234375,259.9849853515625,34025,3759141289984
2026-03-11T14:11:00-04:00,AAPL,Apple Inc.,259.8399963378906,259.989990234375,259.82501220703125,28122,3759141289984
2026-03-11T14:12:00-04:00,AAPL,Apple Inc.,259.8999938964844,259.94500732421875,259.82000732421875,36966,3759141289984
2026-03-11T14:13:00-04:00,AAPL,Apple Inc.,259.8699951171875,259.94000244140625,259.8450012207031,33192,3759141289984
2026-03-11T14:14:00-04:00,AAPL,Apple Inc.,259.989990234375,260.06500244140625,259.9081115722656,28645,3759141289984
2026-03-11T14:15:00-04:00,AAPL,Apple Inc.,260.0199890136719,260.125,259.9100036621094,24892,3759141289984
2026-03-11T14:16:00-04:00,AAPL,Apple Inc.,260.0,260.03009033203125,259.94000244140625,24811,3759141289984
2026-03-11T14:17:00-04:00,AAPL,Apple Inc.,259.9800109863281,260.0400085449219,259.94000244140625,25443,3759141289984
2026-03-11T14:18:00-04:00,AAPL,Apple Inc.,260.20001220703125,260.2099914550781,259.9800109863281,29439,3759141289984
2026-03-11T14:19:00-04:00,AAPL,Apple Inc.,260.1300048828125,260.2250061035156,260.0799865722656,25401,3759141289984
2026-03-11T14:20:00-04:00,AAPL,Apple Inc.,260.1549987792969,260.2300109863281,260.1099853515625,29305,3759141289984
2026-03-11T14:21:00-04:00,AAPL,Apple Inc.,260.25,260.2900085449219,260.1499938964844,28357,3759141289984
2026-03-11T14:22:00-04:00,AAPL,Apple Inc.,260.0299987792969,260.2550048828125,260.0299987792969,19618,3759141289984
2026-03-11T14:23:00-04:00,AAPL,Apple Inc.,260.0010070800781,260.05999755859375,259.9700012207031,22190,3759141289984
2026-03-11T14:24:00-04:00,AAPL,Apple Inc.,259.989990234375,259.9949951171875,259.7699890136719,31704,3759141289984
2026-03-11T14:25:00-04:00,AAPL,Apple Inc.,259.94000244140625,259.998291015625,259.94000244140625,20041,3759141289984
2026-03-11T14:26:00-04:00,AAPL,Apple Inc.,260.010009765625,260.010009765625,259.9137878417969,27395,3759141289984
2026-03-11T14:27:00-04:00,AAPL,Apple Inc.,260.05499267578125,260.1199951171875,260.010009765625,19445,3759141289984
2026-03-11T14:28:00-04:00,AAPL,Apple Inc.,260.07000732421875,260.2300109863281,260.07000732421875,26455,3759141289984
2026-03-11T14:29:00-04:00,AAPL,Apple Inc.,260.1099853515625,260.1300048828125,260.0199890136719,19718,3759141289984
2026-03-11T14:30:00-04:00,AAPL,Apple Inc.,260.20001220703125,260.2099914550781,260.0801086425781,39068,3759141289984
2026-03-11T14:31:00-04:00,AAPL,Apple Inc.,260.2149963378906,260.2650146484375,260.15008544921875,23916,3759141289984
2026-03-11T14:32:00-04:00,AAPL,Apple Inc.,260.18829345703125,260.29998779296875,260.1600036621094,30689,3759141289984
2026-03-11T14:33:00-04:00,AAPL,Apple Inc.,260.1700134277344,260.2349853515625,260.1499938964844,22742,3759141289984
2026-03-11T14:34:00-04:00,AAPL,Apple Inc.,260.29998779296875,260.31500244140625,260.1600036621094,29513,3759141289984
2026-03-11T14:35:00-04:00,AAPL,Apple Inc.,260.20001220703125,260.29998779296875,260.18499755859375,16512,3759141289984
2026-03-11T14:36:00-04:00,AAPL,Apple Inc.,260.05999755859375,260.2099914550781,260.05999755859375,18219,3759141289984
2026-03-11T14:37:00-04:00,AAPL,Apple Inc.,260.090087890625,260.1099853515625,260.0199890136719,31547,3759141289984
2026-03-11T14:38:00-04:00,AAPL,Apple Inc.,260.17498779296875,260.17498779296875,260.0799865722656,18539,3759141289984
2026-03-11T14:39:00-04:00,AAPL,Apple Inc.,260.0299987792969,260.1700134277344,260.0199890136719,79116,3759141289984
2026-03-11T14:40:00-04:00,AAPL,Apple Inc.,259.9849853515625,260.0400085449219,259.94000244140625,28275,3759141289984
2026-03-11T14:41:00-04:00,AAPL,Apple Inc.,259.92999267578125,260.0400085449219,259.9200134277344,28543,3759141289984
2026-03-11T14:42:00-04:00,AAPL,Apple Inc.,259.8800048828125,259.9649963378906,259.8699951171875,23865,3759141289984
2026-03-11T14:43:00-04:00,AAPL,Apple Inc.,259.9183044433594,259.92498779296875,259.8500061035156,21228,3759141289984
2026-03-11T14:44:00-04:00,AAPL,Apple Inc.,259.9800109863281,259.9800109863281,259.864990234375,26346,3759141289984
2026-03-11T14:45:00-04:00,AAPL,Apple Inc.,259.9599914550781,260.0382995605469,259.9599914550781,23972,3759141289984
2026-03-11T14:46:00-04:00,AAPL,Apple Inc.,260.0480041503906,260.1499938964844,259.9750061035156,28847,3759141289984
2026-03-11T14:47:00-04:00,AAPL,Apple Inc.,260.0849914550781,260.0903015136719,260.0299987792969,15095,3759141289984
2026-03-11T14:48:00-04:00,AAPL,Apple Inc.,260.010009765625,260.0799865722656,259.989990234375,18403,3759141289984
2026-03-11T14:49:00-04:00,AAPL,Apple Inc.,260.010009765625,260.0519104003906,259.9912109375,21331,3759141289984
2026-03-11T14:50:00-04:00,AAPL,Apple Inc.,260.0849914550781,260.1099853515625,259.989990234375,21796,3759141289984
2026-03-11T14:51:00-04:00,AAPL,Apple Inc.,260.1708984375,260.2200012207031,260.110107421875,22358,3759141289984
2026-03-11T14:52:00-04:00,AAPL,Apple Inc.,260.18499755859375,260.2799987792969,260.1570129394531,25493,3759141289984
2026-03-11T14:53:00-04:00,AAPL,Apple Inc.,260.114990234375,260.1700134277344,260.0299987792969,17306,3759141289984
2026-03-11T14:54:00-04:00,AAPL,Apple Inc.,260.2799987792969,260.3900146484375,260.1400146484375,32683,3759141289984
2026-03-11T14:55:00-04:00,AAPL,Apple Inc.,260.30029296875,260.3949890136719,260.2699890136719,32960,3759141289984
2026-03-11T14:56:00-04:00,AAPL,Apple Inc.,260.29998779296875,260.3999938964844,260.260009765625,22469,3759141289984
2026-03-11T14:57:00-04:00,AAPL,Apple Inc.,260.2049865722656,260.2900085449219,260.20001220703125,18820,3759141289984
2026-03-11T14:58:00-04:00,AAPL,Apple Inc.,260.2200927734375,260.2699890136719,260.12799072265625,26748,3759141289984
2026-03-11T14:59:00-04:00,AAPL,Apple Inc.,260.17999267578125,260.25,260.1700134277344,34304,3759141289984
2026-03-11T15:00:00-04:00,AAPL,Apple Inc.,260.2799987792969,260.3078918457031,260.19000244140625,19420,3759141289984
2026-03-11T15:01:00-04:00,AAPL,Apple Inc.,260.010009765625,260.2900085449219,260.010009765625,36321,3759141289984
2026-03-11T15:02:00-04:00,AAPL,Apple Inc.,259.8999938964844,260.0299987792969,259.8800048828125,36984,3759141289984
2026-03-11T15:03:00-04:00,AAPL,Apple Inc.,259.9849853515625,259.989990234375,259.8900146484375,23794,3759141289984
2026-03-11T15:04:00-04:00,AAPL,Apple Inc.,260.010009765625,260.114990234375,259.9800109863281,29672,3759141289984
2026-03-11T15:05:00-04:00,AAPL,Apple Inc.,259.9800109863281,260.0299987792969,259.93780517578125,27633,3759141289984
2026-03-11T15:06:00-04:00,AAPL,Apple Inc.,260.1499938964844,260.1499938964844,259.96099853515625,37187,3759141289984
2026-03-11T15:07:00-04:00,AAPL,Apple Inc.,260.07000732421875,260.1700134277344,260.07000732421875,47145,3759141289984
2026-03-11T15:08:00-04:00,AAPL,Apple Inc.,260.1400146484375,260.215087890625,260.1000061035156,21515,3759141289984
2026-03-11T15:09:00-04:00,AAPL,Apple Inc.,260.0939025878906,260.20001220703125,260.07000732421875,18558,3759141289984
2026-03-11T15:10:00-04:00,AAPL,Apple Inc.,260.0600891113281,260.1050109863281,260.04998779296875,21176,3759141289984
2026-03-11T15:11:00-04:00,AAPL,Apple Inc.,260.0050048828125,260.07000732421875,259.9800109863281,21776,3759141289984
2026-03-11T15:12:00-04:00,AAPL,Apple Inc.,259.8999938964844,260.0050048828125,259.8599853515625,43736,3759141289984
2026-03-11T15:13:00-04:00,AAPL,Apple Inc.,259.9150085449219,259.94000244140625,259.80999755859375,30804,3759141289984
2026-03-11T15:14:00-04:00,AAPL,Apple Inc.,260.0,260.010009765625,259.8901062011719,19376,3759141289984
2026-03-11T15:15:00-04:00,AAPL,Apple Inc.,259.8999938964844,260.0,259.8999938964844,28309,3759141289984
2026-03-11T15:16:00-04:00,AAPL,Apple Inc.,260.0,260.04998779296875,259.90008544921875,24961,3759141289984
2026-03-11T15:17:00-04:00,AAPL,Apple Inc.,260.0799865722656,260.1000061035156,260.010009765625,24891,3759141289984
2026-03-11T15:18:00-04:00,AAPL,Apple Inc.,260.1000061035156,260.1199951171875,260.0299987792969,24624,3759141289984
2026-03-11T15:19:00-04:00,AAPL,Apple Inc.,260.1300048828125,260.1698913574219,260.0837097167969,23047,3759141289984
2026-03-11T15:20:00-04:00,AAPL,Apple Inc.,260.135009765625,260.1700134277344,260.0816955566406,18619,3759141289984
2026-03-11T15:21:00-04:00,AAPL,Apple Inc.,260.0950927734375,260.1783142089844,260.07000732421875,21599,3759141289984
2026-03-11T15:22:00-04:00,AAPL,Apple Inc.,259.989990234375,260.0799865722656,259.95001220703125,24275,3759141289984
2026-03-11T15:23:00-04:00,AAPL,Apple Inc.,260.1098937988281,260.1199951171875,260.0,32560,3759141289984
2026-03-11T15:24:00-04:00,AAPL,Apple Inc.,260.1650085449219,260.1650085449219,260.1000061035156,30351,3759141289984
2026-03-11T15:25:00-04:00,AAPL,Apple Inc.,260.1719055175781,260.2749938964844,260.1700134277344,33816,3759141289984
2026-03-11T15:26:00-04:00,AAPL,Apple Inc.,260.2099914550781,260.2298889160156,260.1300048828125,22101,3759141289984
2026-03-11T15:27:00-04:00,AAPL,Apple Inc.,260.214599609375,260.239990234375,260.17999267578125,17062,3759141289984
2026-03-11T15:28:00-04:00,AAPL,Apple Inc.,260.05999755859375,260.25,260.04998779296875,20940,3759141289984
2026-03-11T15:29:00-04:00,AAPL,Apple Inc.,260.1317138671875,260.17999267578125,260.0299987792969,23907,3759141289984
2026-03-11T15:30:00-04:00,AAPL,Apple Inc.,260.2200012207031,260.239990234375,260.1400146484375,51939,3759141289984
2026-03-11T15:31:00-04:00,AAPL,Apple Inc.,260.0599060058594,260.2699890136719,260.0599060058594,40738,3759141289984
2026-03-11T15:32:00-04:00,AAPL,Apple Inc.,260.19000244140625,260.20001220703125,260.0400085449219,24363,3759141289984
2026-03-11T15:33:00-04:00,AAPL,Apple Inc.,260.2699890136719,260.2699890136719,260.20001220703125,37518,3759141289984
2026-03-11T15:34:00-04:00,AAPL,Apple Inc.,260.42999267578125,260.5299987792969,260.2300109863281,87519,3759141289984
2026-03-11T15:35:00-04:00,AAPL,Apple Inc.,260.33990478515625,260.4599914550781,260.2900085449219,41736,3759141289984
2026-03-11T15:36:00-04:00,AAPL,Apple Inc.,260.2900085449219,260.3800048828125,260.25,29023,3759141289984
2026-03-11T15:37:00-04:00,AAPL,Apple Inc.,260.32000732421875,260.32000732421875,260.239990234375,25033,3759141289984
2026-03-11T15:38:00-04:00,AAPL,Apple Inc.,260.272705078125,260.4200134277344,260.272705078125,53689,3759141289984
2026-03-11T15:39:00-04:00,AAPL,Apple Inc.,260.2900085449219,260.3299865722656,260.2300109863281,40421,3759141289984
2026-03-11T15:40:00-04:00,AAPL,Apple Inc.,260.4200134277344,260.4800109863281,260.30999755859375,42887,3759141289984
2026-03-11T15:41:00-04:00,AAPL,Apple Inc.,260.260009765625,260.42608642578125,260.25,36255,3759141289984
2026-03-11T15:42:00-04:00,AAPL,Apple Inc.,260.19000244140625,260.30999755859375,260.18499755859375,31683,3759141289984
2026-03-11T15:43:00-04:00,AAPL,Apple Inc.,260.1600036621094,260.25,260.1199951171875,35724,3759141289984
2026-03-11T15:44:00-04:00,AAPL,Apple Inc.,260.239990234375,260.260009765625,260.1600036621094,47801,3759141289984
2026-03-11T15:45:00-04:00,AAPL,Apple Inc.,260.2319030761719,260.3399963378906,260.20001220703125,49251,3759141289984
2026-03-11T15:46:00-04:00,AAPL,Apple Inc.,260.1217041015625,260.2900085449219,260.1217041015625,39304,3759141289984
2026-03-11T15:47:00-04:00,AAPL,Apple Inc.,260.25,260.2699890136719,260.1199951171875,33669,3759141289984
2026-03-11T15:48:00-04:00,AAPL,Apple Inc.,260.0899963378906,260.260009765625,260.0805969238281,38359,3759141289984
2026-03-11T15:49:00-04:00,AAPL,Apple Inc.,260.25,260.25,260.07000732421875,37775,3759141289984
2026-03-11T15:50:00-04:00,AAPL,Apple Inc.,260.57000732421875,260.6600036621094,260.25,216655,3759141289984
2026-03-11T15:51:00-04:00,AAPL,Apple Inc.,260.6000061035156,260.6199951171875,260.3800048828125,74849,3759141289984
2026-03-11T15:52:00-04:00,AAPL,Apple Inc.,260.3900146484375,260.6199951171875,260.3699951171875,85932,3759141289984
2026-03-11T15:53:00-04:00,AAPL,Apple Inc.,260.4800109863281,260.4800109863281,260.3631896972656,62344,3759141289984
2026-03-11T15:54:00-04:00,AAPL,Apple Inc.,260.8599853515625,260.8999938964844,260.4200134277344,166592,3759141289984
2026-03-11T15:55:00-04:00,AAPL,Apple Inc.,260.8450012207031,261.1000061035156,260.7200012207031,324156,3759141289984
2026-03-11T15:56:00-04:00,AAPL,Apple Inc.,260.8500061035156,260.8900146484375,260.7699890136719,194244,3759141289984
2026-03-11T15:57:00-04:00,AAPL,Apple Inc.,260.8299865722656,261.04998779296875,260.80999755859375,334518,3759141289984
2026-03-11T15:58:00-04:00,AAPL,Apple Inc.,260.8500061035156,260.9100036621094,260.80999755859375,225842,3759141289984
2026-03-11T15:59:00-04:00,AAPL,Apple Inc.,260.80999755859375,260.8900146484375,260.70001220703125,725183,3759141289984
2026-03-12T09:30:00-04:00,AAPL,Apple Inc.,257.989990234375,258.95001220703125,257.4549865722656,1169548,3759141289984
2026-03-12T09:31:00-04:00,AAPL,Apple Inc.,257.9100036621094,258.20989990234375,257.70001220703125,186041,3759141289984
2026-03-12T09:32:00-04:00,AAPL,Apple Inc.,258.2250061035156,258.2250061035156,257.7909851074219,119336,3759141289984
2026-03-12T09:33:00-04:00,AAPL,Apple Inc.,258.04998779296875,258.29998779296875,257.8599853515625,137153,3759141289984
2026-03-12T09:34:00-04:00,AAPL,Apple Inc.,258.2650146484375,258.3699951171875,257.93499755859375,70264,3759141289984
2026-03-12T09:35:00-04:00,AAPL,Apple Inc.,257.92999267578125,258.2900085449219,257.8699951171875,123701,3759141289984
2026-03-12T09:36:00-04:00,AAPL,Apple Inc.,257.9649963378906,258.0799865722656,257.8399963378906,81091,3759141289984
2026-03-12T09:37:00-04:00,AAPL,Apple Inc.,258.0799865722656,258.3900146484375,257.8900146484375,96732,3759141289984
2026-03-12T09:38:00-04:00,AAPL,Apple Inc.,258.0199890136719,258.22979736328125,257.9599914550781,94697,3759141289984
2026-03-12T09:39:00-04:00,AAPL,Apple Inc.,257.8800048828125,258.1600036621094,257.8299865722656,105388,3759141289984
2026-03-12T09:40:00-04:00,AAPL,Apple Inc.,257.4866027832031,257.9599914550781,257.4800109863281,109544,3759141289984
2026-03-12T09:41:00-04:00,AAPL,Apple Inc.,257.1099853515625,257.5299987792969,257.0799865722656,138381,3759141289984
2026-03-12T09:42:00-04:00,AAPL,Apple Inc.,256.9100036621094,257.1400146484375,256.80999755859375,179698,3759141289984
2026-03-12T09:43:00-04:00,AAPL,Apple Inc.,256.8399963378906,257.1182861328125,256.7699890136719,151851,3759141289984
2026-03-12T09:44:00-04:00,AAPL,Apple Inc.,256.95001220703125,257.0450134277344,256.7799987792969,80724,3759141289984
2026-03-12T09:45:00-04:00,AAPL,Apple Inc.,256.69000244140625,257.0199890136719,256.6300048828125,90073,3759141289984
2026-03-12T09:46:00-04:00,AAPL,Apple Inc.,256.5799865722656,256.70989990234375,256.4678955078125,141463,3759141289984
2026-03-12T09:47:00-04:00,AAPL,Apple Inc.,256.60321044921875,256.75,256.2699890136719,161218,3759141289984
2026-03-12T09:48:00-04:00,AAPL,Apple Inc.,256.4200134277344,256.67999267578125,256.4100036621094,108881,3759141289984
2026-03-12T09:49:00-04:00,AAPL,Apple Inc.,256.7300109863281,256.75,256.3599853515625,150663,3759141289984
2026-03-12T09:50:00-04:00,AAPL,Apple Inc.,256.7500915527344,256.9800109863281,256.7049865722656,108279,3759141289984
2026-03-12T09:51:00-04:00,AAPL,Apple Inc.,256.3500061035156,256.80999755859375,256.3500061035156,66897,3759141289984
2026-03-12T09:52:00-04:00,AAPL,Apple Inc.,256.1000061035156,256.3800048828125,256.07000732421875,111324,3759141289984
2026-03-12T09:53:00-04:00,AAPL,Apple Inc.,255.86000061035156,256.0899963378906,255.80999755859375,197725,3759141289984
2026-03-12T09:54:00-04:00,AAPL,Apple Inc.,255.8249969482422,255.9600067138672,255.75999450683594,125737,3759141289984
2026-03-12T09:55:00-04:00,AAPL,Apple Inc.,255.7198944091797,255.8798065185547,255.5449981689453,130044,3759141289984
2026-03-12T09:56:00-04:00,AAPL,Apple Inc.,255.5399932861328,255.70989990234375,255.5,99129,3759141289984
2026-03-12T09:57:00-04:00,AAPL,Apple Inc.,255.4949951171875,255.69000244140625,255.41000366210938,115061,3759141289984
2026-03-12T09:58:00-04:00,AAPL,Apple Inc.,255.52000427246094,255.60000610351562,255.33999633789062,85408,3759141289984
2026-03-12T09:59:00-04:00,AAPL,Apple Inc.,255.47000122070312,255.5800018310547,255.38999938964844,122899,3759141289984
2026-03-12T10:00:00-04:00,AAPL,Apple Inc.,255.6199951171875,255.8000030517578,255.4199981689453,140446,3759141289984
2026-03-12T10:01:00-04:00,AAPL,Apple Inc.,255.84500122070312,255.86000061035156,255.61000061035156,98487,3759141289984
2026-03-12T10:02:00-04:00,AAPL,Apple Inc.,255.89999389648438,255.9499969482422,255.69000244140625,103652,3759141289984
2026-03-12T10:03:00-04:00,AAPL,Apple Inc.,256.1199951171875,256.1199951171875,255.8699951171875,94524,3759141289984
2026-03-12T10:04:00-04:00,AAPL,Apple Inc.,255.9810028076172,256.2179870605469,255.97999572753906,115782,3759141289984
2026-03-12T10:05:00-04:00,AAPL,Apple Inc.,256.20001220703125,256.20001220703125,255.99000549316406,104295,3759141289984
2026-03-12T10:06:00-04:00,AAPL,Apple Inc.,256.239990234375,256.3399963378906,256.0799865722656,78178,3759141289984
2026-03-12T10:07:00-04:00,AAPL,Apple Inc.,256.3299865722656,256.3900146484375,255.95199584960938,64729,3759141289984
2026-03-12T10:08:00-04:00,AAPL,Apple Inc.,256.1000061035156,256.31500244140625,256.0,49779,3759141289984
2026-03-12T10:09:00-04:00,AAPL,Apple Inc.,255.9694061279297,256.1300048828125,255.88999938964844,71599,3759141289984
2026-03-12T10:10:00-04:00,AAPL,Apple Inc.,255.8000030517578,256.07501220703125,255.75,75110,3759141289984
2026-03-12T10:11:00-04:00,AAPL,Apple Inc.,255.72000122070312,255.7899932861328,255.5800018310547,58631,3759141289984
2026-03-12T10:12:00-04:00,AAPL,Apple Inc.,255.97390747070312,256.010009765625,255.72000122070312,60159,3759141289984
2026-03-12T10:13:00-04:00,AAPL,Apple Inc.,255.68499755859375,256.0,255.64999389648438,57242,3759141289984
2026-03-12T10:14:00-04:00,AAPL,Apple Inc.,255.9801025390625,256.0303039550781,255.69000244140625,46326,3759141289984
2026-03-12T10:15:00-04:00,AAPL,Apple Inc.,255.94000244140625,256.07000732421875,255.89999389648438,83134,3759141289984
2026-03-12T10:16:00-04:00,AAPL,Apple Inc.,255.7949981689453,255.97000122070312,255.63999938964844,67472,3759141289984
2026-03-12T10:17:00-04:00,AAPL,Apple Inc.,255.72999572753906,255.80999755859375,255.66000366210938,87836,3759141289984
2026-03-12T10:18:00-04:00,AAPL,Apple Inc.,255.5500030517578,255.7386932373047,255.47999572753906,88245,3759141289984
2026-03-12T10:19:00-04:00,AAPL,Apple Inc.,255.4199981689453,255.57000732421875,255.39999389648438,64722,3759141289984
2026-03-12T10:20:00-04:00,AAPL,Apple Inc.,255.19500732421875,255.52000427246094,255.18899536132812,110963,3759141289984
2026-03-12T10:21:00-04:00,AAPL,Apple Inc.,255.1999053955078,255.2899932861328,255.13999938964844,75618,3759141289984
2026-03-12T10:22:00-04:00,AAPL,Apple Inc.,255.36000061035156,255.47000122070312,255.19000244140625,73190,3759141289984
2026-03-12T10:23:00-04:00,AAPL,Apple Inc.,255.3000030517578,255.41000366210938,255.2899932861328,61882,3759141289984
2026-03-12T10:24:00-04:00,AAPL,Apple Inc.,255.42999267578125,255.61000061035156,255.2801055908203,58714,3759141289984
2026-03-12T10:25:00-04:00,AAPL,Apple Inc.,255.4600067138672,255.6024932861328,255.4149932861328,82564,3759141289984
2026-03-12T10:26:00-04:00,AAPL,Apple Inc.,255.33999633789062,255.4499969482422,255.24000549316406,85104,3759141289984
2026-03-12T10:27:00-04:00,AAPL,Apple Inc.,255.3300018310547,255.41000366210938,255.25,56502,3759141289984
2026-03-12T10:28:00-04:00,AAPL,Apple Inc.,255.08999633789062,255.3459014892578,255.08999633789062,73297,3759141289984
2026-03-12T10:29:00-04:00,AAPL,Apple Inc.,254.6699981689453,255.2198944091797,254.6699981689453,303200,3759141289984
2026-03-12T10:30:00-04:00,AAPL,Apple Inc.,254.76010131835938,254.90989685058594,254.58999633789062,104633,3759141289984
2026-03-12T10:31:00-04:00,AAPL,Apple Inc.,254.8000030517578,254.8000030517578,254.5,89932,3759141289984
2026-03-12T10:32:00-04:00,AAPL,Apple Inc.,254.75999450683594,254.89999389648438,254.63499450683594,66527,3759141289984
2026-03-12T10:33:00-04:00,AAPL,Apple Inc.,254.6304931640625,254.83999633789062,254.60000610351562,53412,3759141289984
2026-03-12T10:34:00-04:00,AAPL,Apple Inc.,254.7899932861328,254.8249969482422,254.57000732421875,59867,3759141289984
2026-03-12T10:35:00-04:00,AAPL,Apple Inc.,254.8679962158203,254.91000366210938,254.7301025390625,51396,3759141289984
2026-03-12T10:36:00-04:00,AAPL,Apple Inc.,254.8300018310547,255.03500366210938,254.8000030517578,106991,3759141289984
2026-03-12T10:37:00-04:00,AAPL,Apple Inc.,254.47000122070312,254.80999755859375,254.4600067138672,108571,3759141289984
2026-03-12T10:38:00-04:00,AAPL,Apple Inc.,254.6199951171875,254.6699981689453,254.35000610351562,74333,3759141289984
2026-03-12T10:39:00-04:00,AAPL,Apple Inc.,254.91000366210938,254.91000366210938,254.6199951171875,70784,3759141289984
2026-03-12T10:40:00-04:00,AAPL,Apple Inc.,254.75999450683594,254.9499969482422,254.74000549316406,62520,3759141289984
2026-03-12T10:41:00-04:00,AAPL,Apple Inc.,254.8800048828125,254.9600067138672,254.72999572753906,81831,3759141289984
2026-03-12T10:42:00-04:00,AAPL,Apple Inc.,254.80999755859375,254.86000061035156,254.75999450683594,42472,3759141289984
2026-03-12T10:43:00-04:00,AAPL,Apple Inc.,255.09100341796875,255.19000244140625,254.81509399414062,62691,3759141289984
2026-03-12T10:44:00-04:00,AAPL,Apple Inc.,255.35000610351562,255.42999267578125,255.0876007080078,87834,3759141289984
2026-03-12T10:45:00-04:00,AAPL,Apple Inc.,255.16000366210938,255.3300018310547,255.14999389648438,53719,3759141289984
2026-03-12T10:46:00-04:00,AAPL,Apple Inc.,255.69000244140625,255.7899932861328,255.25,105455,3759141289984
2026-03-12T10:47:00-04:00,AAPL,Apple Inc.,255.24000549316406,255.73500061035156,255.24000549316406,80940,3759141289984
2026-03-12T10:48:00-04:00,AAPL,Apple Inc.,255.3350067138672,255.39999389648438,255.1699981689453,50130,3759141289984
2026-03-12T10:49:00-04:00,AAPL,Apple Inc.,255.05999755859375,255.2899932861328,254.90499877929688,73346,3759141289984
2026-03-12T10:50:00-04:00,AAPL,Apple Inc.,255.02999877929688,255.1898956298828,255.02499389648438,42602,3759141289984
2026-03-12T10:51:00-04:00,AAPL,Apple Inc.,255.02999877929688,255.1898956298828,255.00010681152344,40471,3759141289984
2026-03-12T10:52:00-04:00,AAPL,Apple Inc.,255.14999389648438,255.25,255.05499267578125,38521,3759141289984
2026-03-12T10:53:00-04:00,AAPL,Apple Inc.,255.24000549316406,255.26620483398438,255.10499572753906,42710,3759141289984
2026-03-12T10:54:00-04:00,AAPL,Apple Inc.,255.13609313964844,255.30999755859375,254.97000122070312,63001,3759141289984
2026-03-12T10:55:00-04:00,AAPL,Apple Inc.,255.31500244140625,255.44000244140625,255.16000366210938,61069,3759141289984
2026-03-12T10:56:00-04:00,AAPL,Apple Inc.,255.22999572753906,255.3699951171875,255.1699981689453,42240,3759141289984
2026-03-12T10:57:00-04:00,AAPL,Apple Inc.,255.02999877929688,255.23500061035156,254.94000244140625,63714,3759141289984
2026-03-12T10:58:00-04:00,AAPL,Apple Inc.,254.95860290527344,255.08999633789062,254.91000366210938,125905,3759141289984
2026-03-12T10:59:00-04:00,AAPL,Apple Inc.,254.89999389648438,255.014404296875,254.8300018310547,61463,3759141289984
2026-03-12T11:00:00-04:00,AAPL,Apple Inc.,254.80999755859375,255.0386962890625,254.77000427246094,127864,3759141289984
2026-03-12T11:01:00-04:00,AAPL,Apple Inc.,254.76910400390625,254.94000244140625,254.74009704589844,45816,3759141289984
2026-03-12T11:02:00-04:00,AAPL,Apple Inc.,254.64990234375,254.77999877929688,254.5500030517578,62770,3759141289984
2026-03-12T11:03:00-04:00,AAPL,Apple Inc.,254.80960083007812,254.82000732421875,254.49000549316406,55129,3759141289984
2026-03-12T11:04:00-04:00,AAPL,Apple Inc.,254.74000549316406,254.80999755859375,254.64999389648438,36383,3759141289984
2026-03-12T11:05:00-04:00,AAPL,Apple Inc.,254.6999969482422,254.77999877929688,254.63070678710938,52371,3759141289984
2026-03-12T11:06:00-04:00,AAPL,Apple Inc.,254.77499389648438,254.83999633789062,254.65499877929688,42751,3759141289984
2026-03-12T11:07:00-04:00,AAPL,Apple Inc.,254.8300018310547,254.8800048828125,254.67999267578125,36793,3759141289984
2026-03-12T11:08:00-04:00,AAPL,Apple Inc.,254.9199981689453,254.9199981689453,254.74000549316406,49026,3759141289984
2026-03-12T11:09:00-04:00,AAPL,Apple Inc.,254.9250030517578,254.94000244140625,254.8000030517578,33069,3759141289984
2026-03-12T11:10:00-04:00,AAPL,Apple Inc.,254.9550018310547,255.00999450683594,254.8249969482422,64571,3759141289984
2026-03-12T11:11:00-04:00,AAPL,Apple Inc.,255.05999755859375,255.07989501953125,254.86000061035156,59432,3759141289984
2026-03-12T11:12:00-04:00,AAPL,Apple Inc.,255.03500366210938,255.1199951171875,255.0,44260,3759141289984
2026-03-12T11:13:00-04:00,AAPL,Apple Inc.,255.02999877929688,255.05999755859375,254.88999938964844,47908,3759141289984
2026-03-12T11:14:00-04:00,AAPL,Apple Inc.,255.2801055908203,255.30999755859375,255.02000427246094,58336,3759141289984
2026-03-12T11:15:00-04:00,AAPL,Apple Inc.,255.3096923828125,255.4199981689453,255.25,49021,3759141289984
2026-03-12T11:16:00-04:00,AAPL,Apple Inc.,255.1999969482422,255.30999755859375,255.02499389648438,173106,3759141289984
2026-03-12T11:17:00-04:00,AAPL,Apple Inc.,255.20989990234375,255.25999450683594,255.0500030517578,87101,3759141289984
2026-03-12T11:18:00-04:00,AAPL,Apple Inc.,254.9199981689453,255.22000122070312,254.875,62981,3759141289984
2026-03-12T11:19:00-04:00,AAPL,Apple Inc.,254.8249969482422,254.91000366210938,254.74000549316406,80279,3759141289984
2026-03-12T11:20:00-04:00,AAPL,Apple Inc.,254.9300994873047,255.0,254.85000610351562,59719,3759141289984
2026-03-12T11:21:00-04:00,AAPL,Apple Inc.,255.0399932861328,255.05999755859375,254.8699951171875,49595,3759141289984
2026-03-12T11:22:00-04:00,AAPL,Apple Inc.,254.9290008544922,255.02999877929688,254.89999389648438,40242,3759141289984
2026-03-12T11:23:00-04:00,AAPL,Apple Inc.,254.89990234375,255.12989807128906,254.86000061035156,52619,3759141289984
2026-03-12T11:24:00-04:00,AAPL,Apple Inc.,255.25999450683594,255.25999450683594,254.8843994140625,116871,3759141289984
2026-03-12T11:25:00-04:00,AAPL,Apple Inc.,255.26409912109375,255.3000030517578,255.14999389648438,43618,3759141289984
2026-03-12T11:26:00-04:00,AAPL,Apple Inc.,255.39999389648438,255.47999572753906,255.22999572753906,63407,3759141289984
2026-03-12T11:27:00-04:00,AAPL,Apple Inc.,255.64169311523438,255.64500427246094,255.3800048828125,113978,3759141289984
2026-03-12T11:28:00-04:00,AAPL,Apple Inc.,255.61000061035156,255.6300048828125,255.52999877929688,51364,3759141289984
2026-03-12T11:29:00-04:00,AAPL,Apple Inc.,255.35499572753906,255.5749969482422,255.22999572753906,44950,3759141289984
2026-03-12T11:30:00-04:00,AAPL,Apple Inc.,255.2595977783203,255.33999633789062,255.11500549316406,49199,3759141289984
2026-03-12T11:31:00-04:00,AAPL,Apple Inc.,255.2899932861328,255.4499969482422,255.25,62414,3759141289984
2026-03-12T11:32:00-04:00,AAPL,Apple Inc.,255.07000732421875,255.30999755859375,255.00999450683594,95731,3759141289984
2026-03-12T11:33:00-04:00,AAPL,Apple Inc.,254.86000061035156,255.07000732421875,254.68870544433594,94593,3759141289984
2026-03-12T11:34:00-04:00,AAPL,Apple Inc.,254.82000732421875,254.9199981689453,254.67999267578125,62579,3759141289984
2026-03-12T11:35:00-04:00,AAPL,Apple Inc.,254.61000061035156,254.8800048828125,254.55999755859375,65931,3759141289984
2026-03-12T11:36:00-04:00,AAPL,Apple Inc.,254.3300018310547,254.64500427246094,254.3300018310547,102975,3759141289984
2026-03-12T11:37:00-04:00,AAPL,Apple Inc.,254.46499633789062,254.6199951171875,254.17999267578125,119935,3759141289984
2026-03-12T11:38:00-04:00,AAPL,Apple Inc.,254.52999877929688,254.6199951171875,254.3699951171875,54430,3759141289984
2026-03-12T11:39:00-04:00,AAPL,Apple Inc.,255.27999877929688,255.3000030517578,254.531494140625,175662,3759141289984
2026-03-12T11:40:00-04:00,AAPL,Apple Inc.,255.14999389648438,255.30140686035156,254.97000122070312,74324,3759141289984
2026-03-12T11:41:00-04:00,AAPL,Apple Inc.,255.41000366210938,255.49000549316406,255.02000427246094,78947,3759141289984
2026-03-12T11:42:00-04:00,AAPL,Apple Inc.,255.39999389648438,255.4398956298828,255.1501007080078,70104,3759141289984
2026-03-12T11:43:00-04:00,AAPL,Apple Inc.,255.39999389648438,255.57749938964844,255.28500366210938,79928,3759141289984
2026-03-12T11:44:00-04:00,AAPL,Apple Inc.,255.5749969482422,255.64999389648438,255.39999389648438,35310,3759141289984
2026-03-12T11:45:00-04:00,AAPL,Apple Inc.,255.52999877929688,255.6385040283203,255.3101043701172,82072,3759141289984
2026-03-12T11:46:00-04:00,AAPL,Apple Inc.,255.19500732421875,255.64300537109375,255.19000244140625,78027,3759141289984
2026-03-12T11:47:00-04:00,AAPL,Apple Inc.,254.9949951171875,255.19000244140625,254.89500427246094,58997,3759141289984
2026-03-12T11:48:00-04:00,AAPL,Apple Inc.,255.32000732421875,255.3800048828125,254.97560119628906,43116,3759141289984
2026-03-12T11:49:00-04:00,AAPL,Apple Inc.,255.27000427246094,255.37989807128906,255.1699981689453,52104,3759141289984
2026-03-12T11:50:00-04:00,AAPL,Apple Inc.,255.2698974609375,255.3350067138672,255.1999969482422,39740,3759141289984
2026-03-12T11:51:00-04:00,AAPL,Apple Inc.,255.0800018310547,255.32989501953125,255.05999755859375,43004,3759141289984
2026-03-12T11:52:00-04:00,AAPL,Apple Inc.,255.33999633789062,255.36990356445312,255.08079528808594,40201,3759141289984
2026-03-12T11:53:00-04:00,AAPL,Apple Inc.,255.27439880371094,255.4600067138672,255.27000427246094,28062,3759141289984
2026-03-12T11:54:00-04:00,AAPL,Apple Inc.,255.2550048828125,255.32000732421875,255.1699981689453,20900,3759141289984
2026-03-12T11:55:00-04:00,AAPL,Apple Inc.,255.16000366210938,255.3000030517578,255.07000732421875,30454,3759141289984
2026-03-12T11:56:00-04:00,AAPL,Apple Inc.,255.22000122070312,255.27000427246094,255.0500030517578,58323,3759141289984
2026-03-12T11:57:00-04:00,AAPL,Apple Inc.,255.0449981689453,255.24989318847656,255.0399932861328,28595,3759141289984
2026-03-12T11:58:00-04:00,AAPL,Apple Inc.,254.9499969482422,255.0717010498047,254.89999389648438,38844,3759141289984
2026-03-12T11:59:00-04:00,AAPL,Apple Inc.,255.1300048828125,255.17190551757812,255.0050048828125,30366,3759141289984
2026-03-12T12:00:00-04:00,AAPL,Apple Inc.,255.10000610351562,255.23500061035156,255.0500030517578,40144,3759141289984
2026-03-12T12:01:00-04:00,AAPL,Apple Inc.,255.22000122070312,255.2899932861328,255.00999450683594,30923,3759141289984
2026-03-12T12:02:00-04:00,AAPL,Apple Inc.,255.10989379882812,255.22999572753906,254.97999572753906,38016,3759141289984
2026-03-12T12:03:00-04:00,AAPL,Apple Inc.,255.41000366210938,255.42990112304688,255.13999938964844,49557,3759141289984
2026-03-12T12:04:00-04:00,AAPL,Apple Inc.,255.4600067138672,255.5500030517578,255.38999938964844,43207,3759141289984
2026-03-12T12:05:00-04:00,AAPL,Apple Inc.,255.42999267578125,255.54989624023438,255.42999267578125,48340,3759141289984
2026-03-12T12:06:00-04:00,AAPL,Apple Inc.,255.41000366210938,255.44500732421875,255.3300018310547,49162,3759141289984
2026-03-12T12:07:00-04:00,AAPL,Apple Inc.,255.40499877929688,255.52499389648438,255.32000732421875,121598,3759141289984
2026-03-12T12:08:00-04:00,AAPL,Apple Inc.,255.22000122070312,255.41000366210938,255.2050018310547,77928,3759141289984
2026-03-12T12:09:00-04:00,AAPL,Apple Inc.,255.22000122070312,255.32000732421875,255.0800018310547,84389,3759141289984
2026-03-12T12:10:00-04:00,AAPL,Apple Inc.,255.60000610351562,255.7100067138672,255.22000122070312,107678,3759141289984
2026-03-12T12:11:00-04:00,AAPL,Apple Inc.,255.36000061035156,255.66000366210938,255.3300018310547,57689,3759141289984
2026-03-12T12:12:00-04:00,AAPL,Apple Inc.,255.27999877929688,255.33999633789062,255.23500061035156,36762,3759141289984
2026-03-12T12:13:00-04:00,AAPL,Apple Inc.,255.63999938964844,255.67999267578125,255.32000732421875,49523,3759141289984
2026-03-12T12:14:00-04:00,AAPL,Apple Inc.,255.66000366210938,255.72999572753906,255.55999755859375,45674,3759141289984
2026-03-12T12:15:00-04:00,AAPL,Apple Inc.,255.8708953857422,255.89999389648438,255.60000610351562,51967,3759141289984
2026-03-12T12:16:00-04:00,AAPL,Apple Inc.,255.97000122070312,256.0400085449219,255.7899932861328,68243,3759141289984
2026-03-12T12:17:00-04:00,AAPL,Apple Inc.,255.7100067138672,255.97999572753906,255.6699981689453,71342,3759141289984
2026-03-12T12:18:00-04:00,AAPL,Apple Inc.,255.63999938964844,255.7100067138672,255.52000427246094,46618,3759141289984
2026-03-12T12:19:00-04:00,AAPL,Apple Inc.,255.69000244140625,255.6999969482422,255.61000061035156,32816,3759141289984
2026-03-12T12:20:00-04:00,AAPL,Apple Inc.,255.86000061035156,255.86000061035156,255.63999938964844,37988,3759141289984
2026-03-12T12:21:00-04:00,AAPL,Apple Inc.,256.0199890136719,256.0321960449219,255.8300018310547,69676,3759141289984
2026-03-12T12:22:00-04:00,AAPL,Apple Inc.,256.1144104003906,256.2200012207031,256.010009765625,73474,3759141289984
2026-03-12T12:23:00-04:00,AAPL,Apple Inc.,256.0,256.25,255.9300994873047,65817,3759141289984
2026-03-12T12:24:00-04:00,AAPL,Apple Inc.,255.7899932861328,256.05999755859375,255.77000427246094,69094,3759141289984
2026-03-12T12:25:00-04:00,AAPL,Apple Inc.,255.6999969482422,255.88999938964844,255.6199951171875,62821,3759141289984
2026-03-12T12:26:00-04:00,AAPL,Apple Inc.,255.4499969482422,255.73350524902344,255.38499450683594,52127,3759141289984
2026-03-12T12:27:00-04:00,AAPL,Apple Inc.,255.5500030517578,255.58990478515625,255.4550018310547,52643,3759141289984
2026-03-12T12:28:00-04:00,AAPL,Apple Inc.,255.51649475097656,255.63999938964844,255.47000122070312,83251,3759141289984
2026-03-12T12:29:00-04:00,AAPL,Apple Inc.,255.65780639648438,255.6699981689453,255.4199981689453,66216,3759141289984
2026-03-12T12:30:00-04:00,AAPL,Apple Inc.,255.60000610351562,255.6613006591797,255.50999450683594,66916,3759141289984
2026-03-12T12:31:00-04:00,AAPL,Apple Inc.,255.5749969482422,255.6999969482422,255.52999877929688,61974,3759141289984
2026-03-12T12:32:00-04:00,AAPL,Apple Inc.,255.63999938964844,255.6649932861328,255.4499969482422,80947,3759141289984
2026-03-12T12:33:00-04:00,AAPL,Apple Inc.,255.9499969482422,255.9499969482422,255.50999450683594,79379,3759141289984
2026-03-12T12:34:00-04:00,AAPL,Apple Inc.,255.82009887695312,255.9499969482422,255.82000732421875,66391,3759141289984
2026-03-12T12:35:00-04:00,AAPL,Apple Inc.,255.7899932861328,255.91990661621094,255.75,53265,3759141289984
2026-03-12T12:36:00-04:00,AAPL,Apple Inc.,255.53500366210938,255.86000061035156,255.5301055908203,49894,3759141289984
2026-03-12T12:37:00-04:00,AAPL,Apple Inc.,255.75999450683594,255.8000030517578,255.49000549316406,56752,3759141289984
2026-03-12T12:38:00-04:00,AAPL,Apple Inc.,255.81500244140625,255.9499969482422,255.74000549316406,84448,3759141289984
2026-03-12T12:39:00-04:00,AAPL,Apple Inc.,255.8249969482422,255.9199981689453,255.74000549316406,58685,3759141289984
2026-03-12T12:40:00-04:00,AAPL,Apple Inc.,255.89999389648438,255.94000244140625,255.71009826660156,38053,3759141289984
2026-03-12T12:41:00-04:00,AAPL,Apple Inc.,255.8000030517578,255.93629455566406,255.75,49274,3759141289984
2026-03-12T12:42:00-04:00,AAPL,Apple Inc.,255.8988037109375,255.8988037109375,255.77499389648438,43778,3759141289984
2026-03-12T12:43:00-04:00,AAPL,Apple Inc.,255.7050018310547,255.92999267578125,255.7050018310547,42940,3759141289984
2026-03-12T12:44:00-04:00,AAPL,Apple Inc.,255.7100067138672,255.74989318847656,255.61500549316406,42049,3759141289984
2026-03-12T12:45:00-04:00,AAPL,Apple Inc.,255.55999755859375,255.7100067138672,255.52999877929688,48762,3759141289984
2026-03-12T12:46:00-04:00,AAPL,Apple Inc.,254.89999389648438,255.55999755859375,254.89999389648438,69540,3759141289984
2026-03-12T12:47:00-04:00,AAPL,Apple Inc.,255.0,255.07000732421875,254.83999633789062,46993,3759141289984
2026-03-12T12:48:00-04:00,AAPL,Apple Inc.,254.92999267578125,254.99000549316406,254.84500122070312,55161,3759141289984
2026-03-12T12:49:00-04:00,AAPL,Apple Inc.,255.1699981689453,255.22000122070312,254.92999267578125,53011,3759141289984
2026-03-12T16:50:55.849516+00:00,AAPL,Apple Inc.,255.1699981689453,255.22000122070312,254.92999267578125,53011,3759141289984
2026-03-12T16:51:56.369810+00:00,AAPL,Apple Inc.,255.25,255.52999877929688,255.1999969482422,42982,3759141289984
2026-03-12T16:52:56.855924+00:00,AAPL,Apple Inc.,255.25,255.52999877929688,255.1999969482422,42982,3759141289984
2026-03-12T16:53:57.313636+00:00,AAPL,Apple Inc.,255.27000427246094,255.30999755859375,255.2100067138672,33092,3759141289984
2026-03-12T16:54:58.025522+00:00,AAPL,Apple Inc.,255.02000427246094,255.07000732421875,254.86000061035156,45489,3759141289984
2026-03-12T16:55:58.514510+00:00,AAPL,Apple Inc.,255.02000427246094,255.07000732421875,254.86000061035156,45489,3759141289984
2026-03-12T16:56:58.942425+00:00,AAPL,Apple Inc.,255.02999877929688,255.19000244140625,254.98500061035156,43127,3759141289984
2026-03-12T16:57:59.315492+00:00,AAPL,Apple Inc.,255.0399932861328,255.0800018310547,254.9600067138672,47914,3759141289984
2026-03-12T16:58:59.681783+00:00,AAPL,Apple Inc.,255.13999938964844,255.2344970703125,254.9499969482422,47521,3759141289984
2026-03-12T17:00:00.105993+00:00,AAPL,Apple Inc.,255.23500061035156,255.27349853515625,255.11000061035156,28931,3759141289984
2026-03-12T17:01:00.525874+00:00,AAPL,Apple Inc.,255.1699981689453,255.33999633789062,255.1302032470703,75050,3759141289984
2026-03-12T17:02:00.927898+00:00,AAPL,Apple Inc.,255.24000549316406,255.3000030517578,255.1649932861328,45237,3759141289984
2026-03-12T17:03:01.403372+00:00,AAPL,Apple Inc.,255.26499938964844,255.2899932861328,255.17999267578125,49577,3759141289984
2026-03-12T17:04:01.764247+00:00,AAPL,Apple Inc.,255.1999969482422,255.2899932861328,255.14500427246094,57387,3759141289984
2026-03-12T17:05:02.319600+00:00,AAPL,Apple Inc.,255.5500946044922,255.55999755859375,255.23500061035156,67401,3759141289984
2026-03-12T17:06:02.775347+00:00,AAPL,Apple Inc.,255.68800354003906,255.70399475097656,255.38999938964844,58566,3759141289984
2026-03-12T17:07:03.248977+00:00,AAPL,Apple Inc.,255.60499572753906,255.6699981689453,255.39999389648438,74435,3759141289984
2026-03-12T17:08:03.639593+00:00,AAPL,Apple Inc.,255.625,255.6300048828125,255.5200958251953,52220,3759141289984
2026-03-12T17:09:04.008841+00:00,AAPL,Apple Inc.,255.4243927001953,255.67999267578125,255.2899932861328,50901,3759141289984
2026-03-12T17:10:04.397772+00:00,AAPL,Apple Inc.,255.19000244140625,255.50999450683594,255.1300048828125,36695,3759141289984
2026-03-12T17:11:04.778965+00:00,AAPL,Apple Inc.,255.47999572753906,255.5500030517578,255.1699981689453,43376,3759141289984
2026-03-12T17:12:05.177999+00:00,AAPL,Apple Inc.,255.41000366210938,255.47999572753906,255.39999389648438,36316,3759141289984
2026-03-12T17:13:05.555431+00:00,AAPL,Apple Inc.,255.3502960205078,255.4199981689453,255.24000549316406,48523,3759141289984
2026-03-12T17:14:05.942900+00:00,AAPL,Apple Inc.,255.27999877929688,255.49000549316406,255.27999877929688,36949,3759141289984
2026-03-12T17:15:06.316059+00:00,AAPL,Apple Inc.,255.10000610351562,255.28990173339844,255.07000732421875,50582,3759141289984
2026-03-12T17:16:06.706099+00:00,AAPL,Apple Inc.,255.01010131835938,255.19000244140625,254.97000122070312,69636,3759141289984
2026-03-12T17:17:07.275309+00:00,AAPL,Apple Inc.,255.0,255.08999633789062,254.9199981689453,40158,3759141289984
2026-03-12T17:18:07.664052+00:00,AAPL,Apple Inc.,255.00999450683594,255.02999877929688,254.94000244140625,38615,3759141289984
